bureau_id,gouvernorat,type_bureau,nb_colis,ca_total,poids_moyen,montant_moyen,nb_annees_actif,nb_mois_actif,nb_intl,nb_ems_n,nb_rpp_i,nb_normal,premiere_annee,derniere_annee,taux_intl,taux_ems_n,taux_rpp_i,taux_normal,ca_par_colis,activite,cluster,segment
1,Gafsa,Bureau,8515,118150.7499999997,3.4886482466236095,13.875601879036958,4,12,369,4812,369,3334,2023,2026,0.04333529066353494,0.5651203758073987,0.04333529066353494,0.39154433352906637,13.875601879036958,1.0,0,Bureaux express nationaux standards
2,Sfax,Bureau,509,33879.899999999994,3.307870333988202,66.56168958742632,4,12,193,156,192,160,2023,2026,0.3791748526522593,0.30648330058939094,0.37721021611001965,0.3143418467583497,66.56168958742632,1.0,1,Bureaux internationaux premium
3,Ariana,Bureau,4266,122799.19999999978,2.5442656352555106,28.78556024378804,4,12,0,0,0,4266,2023,2026,0.0,0.0,0.0,1.0,28.78556024378804,1.0,2,Bureaux colis normaux
4,Ariana,Bureau,6237,117416.3,1.2495754369088008,18.82576559243226,4,12,790,4617,790,830,2023,2026,0.12666345999679332,0.7402597402597403,0.12666345999679332,0.13307679974346642,18.82576559243226,1.0,0,Bureaux express nationaux standards
5,Gafsa,Bureau,1045,14527.500000000002,4.114790430622008,13.901913875598089,4,12,18,824,15,203,2023,2026,0.01722488038277512,0.7885167464114833,0.014354066985645933,0.19425837320574163,13.901913875598089,1.0,0,Bureaux express nationaux standards
6,Tataouine,Bureau,506,14358.5,1.7929527667984162,28.376482213438734,4,12,121,192,102,193,2023,2026,0.2391304347826087,0.3794466403162055,0.2015810276679842,0.3814229249011858,28.376482213438734,1.0,1,Bureaux internationaux premium
7,Gabès,Bureau,1212,24629.750000000007,2.219281765676571,20.321575907590766,4,12,113,282,111,817,2023,2026,0.09323432343234324,0.23267326732673269,0.09158415841584158,0.6740924092409241,20.321575907590766,1.0,2,Bureaux colis normaux
8,Sousse,Bureau,26351,254771.60000000114,2.1506102339183535,9.668384501536988,4,12,1192,14097,1189,11062,2023,2026,0.04523547493453759,0.5349702098592084,0.04512162726272248,0.41979431520625404,9.668384501536988,1.0,3,Grandes agences express saturées
9,Sousse,Bureau,2033,15966.75000000002,2.532636005902606,7.853787506148559,4,12,77,690,75,1266,2023,2026,0.03787506148548942,0.3393999016232169,0.03689129365469749,0.6227250368912937,7.853787506148559,1.0,2,Bureaux colis normaux
10,Ariana,Bureau,1130,51854.999999999985,2.243515044247783,45.88938053097344,4,12,379,367,379,384,2023,2026,0.33539823008849556,0.3247787610619469,0.33539823008849556,0.3398230088495575,45.88938053097344,1.0,1,Bureaux internationaux premium
11,Kébili,Bureau,1123,16395.899999999987,2.4384666073018675,14.600089047195002,4,12,108,438,108,577,2023,2026,0.09617097061442564,0.390026714158504,0.09617097061442564,0.5138023152270703,14.600089047195002,1.0,2,Bureaux colis normaux
12,Monastir,Bureau,7251,125059.30000000088,5.001432092125223,17.247179699351936,4,12,551,1083,537,5617,2023,2026,0.07598951868707765,0.14935870914356641,0.07405875051717005,0.774651772169356,17.247179699351936,1.0,2,Bureaux colis normaux
13,Monastir,Bureau,1161,20109.550000000007,1.3445813953488392,17.32088716623601,4,12,142,667,140,352,2023,2026,0.1223083548664944,0.5745047372954349,0.12058570198105081,0.3031869078380706,17.32088716623601,1.0,0,Bureaux express nationaux standards
14,Ariana,Bureau,4243,87960.85000000003,1.4444612302616076,20.730815460758905,4,12,573,2088,565,1590,2023,2026,0.13504595804855055,0.4921046429413151,0.13316049964647655,0.37473485741220836,20.730815460758905,1.0,0,Bureaux express nationaux standards
15,Kasserine,Bureau,1505,17367.49999999999,1.365944850498335,11.539867109634544,4,12,67,366,67,1072,2023,2026,0.04451827242524917,0.2431893687707641,0.04451827242524917,0.7122923588039867,11.539867109634544,1.0,2,Bureaux colis normaux
16,Gafsa,Bureau,11391,134248.20000000016,1.6480170309893658,11.785462207005544,4,12,541,7301,530,3550,2023,2026,0.04749363532613467,0.6409446053902204,0.04652796067070494,0.31164954788868404,11.785462207005544,1.0,0,Bureaux express nationaux standards
17,Sousse,Bureau,556,5841.6,1.9163190647482016,10.506474820143886,4,12,0,0,0,556,2023,2026,0.0,0.0,0.0,1.0,10.506474820143886,1.0,2,Bureaux colis normaux
18,Sousse,Bureau,1748,67665.20000000004,2.2560234553775746,38.710068649885606,4,12,270,254,270,1224,2023,2026,0.15446224256292906,0.14530892448512586,0.15446224256292906,0.700228832951945,38.710068649885606,1.0,2,Bureaux colis normaux
19,Kairouan,Agence,4254,61713.299999999996,3.7958664786083656,14.50712270803949,4,12,406,2549,358,1299,2023,2026,0.09543958627174425,0.5992007522331922,0.08415608838740009,0.3053596614950635,14.50712270803949,1.0,0,Bureaux express nationaux standards
20,Ariana,Bureau,861,17413.150000000005,1.0627421602787457,20.224332171893153,4,12,116,234,115,512,2023,2026,0.13472706155632985,0.27177700348432055,0.13356562137049943,0.59465737514518,20.224332171893153,1.0,2,Bureaux colis normaux
21,Gabès,Bureau,599,9427.400000000001,1.5195829716193645,15.738564273789653,4,12,53,343,53,203,2023,2026,0.08848080133555926,0.5726210350584308,0.08848080133555926,0.33889816360601,15.738564273789653,1.0,0,Bureaux express nationaux standards
22,Sfax,Bureau,1556,14578.15000000001,0.8145785347043714,9.3689910025707,4,12,109,1097,108,350,2023,2026,0.07005141388174807,0.7050128534704371,0.06940874035989718,0.2249357326478149,9.3689910025707,1.0,0,Bureaux express nationaux standards
23,Ariana,Bureau,532,24413.699999999997,2.305573308270678,45.89041353383458,3,12,148,134,148,250,2023,2025,0.2781954887218045,0.2518796992481203,0.2781954887218045,0.4699248120300752,45.89041353383458,1.0,1,Bureaux internationaux premium
24,Sfax,Bureau,633,11171.999999999998,2.1611453396524474,17.649289099526065,4,12,19,159,3,455,2023,2026,0.030015797788309637,0.25118483412322273,0.004739336492890996,0.7187993680884676,17.649289099526065,1.0,2,Bureaux colis normaux
25,Ariana,Bureau,5606,218749.44999999992,2.067252461648243,39.020594006421675,4,12,1722,2118,1716,1772,2023,2026,0.3071708883339279,0.3778094898323225,0.30610060649304316,0.3160899036746343,39.020594006421675,1.0,1,Bureaux internationaux premium
26,Ariana,Bureau,968,57702.50000000001,2.385676652892558,59.61002066115703,4,12,438,207,438,323,2023,2026,0.4524793388429752,0.21384297520661158,0.4524793388429752,0.33367768595041325,59.61002066115703,1.0,1,Bureaux internationaux premium
27,Gabès,Bureau,1348,22118.10000000004,2.104127744807123,16.408086053412493,4,12,69,739,68,540,2023,2026,0.05118694362017804,0.548219584569733,0.050445103857566766,0.40059347181008903,16.408086053412493,1.0,0,Bureaux express nationaux standards
28,Kasserine,Bureau,1296,30780.500000000007,3.562534799382713,23.75038580246914,4,12,114,646,92,536,2023,2026,0.08796296296296297,0.4984567901234568,0.07098765432098765,0.41358024691358025,23.75038580246914,1.0,2,Bureaux colis normaux
29,Tataouine,Bureau,726,15558.999999999996,1.2436983471074383,21.43112947658402,4,12,164,333,155,229,2023,2026,0.22589531680440772,0.45867768595041325,0.21349862258953167,0.3154269972451791,21.43112947658402,1.0,1,Bureaux internationaux premium
30,Monastir,Bureau,1165,12436.150000000014,2.735719227467812,10.674806866952801,4,12,38,509,38,618,2023,2026,0.03261802575107296,0.4369098712446352,0.03261802575107296,0.5304721030042918,10.674806866952801,1.0,2,Bureaux colis normaux
31,Gafsa,Bureau,2122,71254.7,2.1650345428840874,33.57902921771913,4,12,261,876,260,985,2023,2026,0.12299717247879359,0.412818096135721,0.12252591894439209,0.4641847313854854,33.57902921771913,1.0,0,Bureaux express nationaux standards
32,Kairouan,Bureau,580,10298.699999999999,2.2302379310344773,17.756379310344826,4,12,38,357,33,185,2023,2026,0.06551724137931035,0.6155172413793103,0.056896551724137934,0.31896551724137934,17.756379310344826,1.0,0,Bureaux express nationaux standards
33,Sfax,Bureau,3386,72823.69999999995,2.464850797401075,21.507294743059642,4,12,623,856,616,1907,2023,2026,0.18399291199054932,0.2528056704075605,0.18192557590076786,0.5632014176018901,21.507294743059642,1.0,1,Bureaux internationaux premium
34,Médenine,Bureau,585,21141.899999999998,3.2545781196581145,36.13999999999999,4,12,122,226,122,237,2023,2026,0.20854700854700856,0.38632478632478634,0.20854700854700856,0.40512820512820513,36.13999999999999,1.0,1,Bureaux internationaux premium
35,Gabès,Bureau,849,11566.250000000002,1.2069858657243726,13.623380447585397,4,12,105,596,105,148,2023,2026,0.12367491166077739,0.702002355712603,0.12367491166077739,0.17432273262661954,13.623380447585397,1.0,0,Bureaux express nationaux standards
36,Tunis,Bureau,8442,150233.05000000002,0.9819257758824975,17.795907367922297,4,12,823,6203,809,1417,2023,2026,0.09748874674247808,0.7347784885098317,0.09583037194977494,0.16785122009002607,17.795907367922297,1.0,0,Bureaux express nationaux standards
37,Médenine,Bureau,2930,48567.150000000016,1.4443687030716756,16.575819112627993,4,12,478,1354,413,1098,2023,2026,0.16313993174061434,0.4621160409556314,0.1409556313993174,0.3747440273037543,16.575819112627993,1.0,0,Bureaux express nationaux standards
38,Sfax,Bureau,771,36023.299999999996,3.3289559014267156,46.72282749675745,3,12,241,355,126,175,2023,2025,0.3125810635538262,0.4604409857328145,0.16342412451361868,0.22697795071335927,46.72282749675745,1.0,1,Bureaux internationaux premium
39,Jendouba,Agence,2478,49663.099999999875,2.3346755447942655,20.041606133978966,3,12,31,1639,0,808,2023,2026,0.012510088781275222,0.6614205004035513,0.0,0.32606941081517354,20.041606133978966,1.0,0,Bureaux express nationaux standards
40,Sousse,Bureau,3962,38537.2500000001,1.1018712771327606,9.726716304896543,4,12,234,1585,137,2143,2023,2026,0.05906108026249369,0.40005047955577994,0.03457849570923776,0.5408884401817264,9.726716304896543,1.0,0,Bureaux express nationaux standards
41,Monastir,Bureau,5630,93954.50000000025,1.6316483126110086,16.68818827708708,4,12,697,3489,669,1470,2023,2026,0.12380106571936057,0.6197158081705151,0.11882770870337478,0.261101243339254,16.68818827708708,1.0,0,Bureaux express nationaux standards
42,Sfax,Bureau,1573,14587.70000000002,0.5832848061029897,9.27380801017166,4,12,56,1230,54,287,2023,2026,0.03560076287349015,0.7819453273998729,0.034329307056579786,0.182453909726637,9.27380801017166,1.0,0,Bureaux express nationaux standards
43,Monastir,Bureau,7771,199302.20000000004,2.4501463132158245,25.646918028567757,4,12,1292,3028,1292,3451,2023,2026,0.16625916870415647,0.3896538412044782,0.16625916870415647,0.4440869900913653,25.646918028567757,1.0,0,Bureaux express nationaux standards
44,Tataouine,Bureau,2962,89700.29999999997,3.076646387575976,30.283693450371363,4,12,376,1321,375,1265,2023,2026,0.12694125590817015,0.44598244429439565,0.12660364618501013,0.42707629979743417,30.283693450371363,1.0,0,Bureaux express nationaux standards
45,Ariana,Bureau,6579,202177.39999999997,1.72981544307645,30.73071895424836,4,12,1180,2276,1179,3123,2023,2026,0.17935856513147894,0.3459492324061407,0.17920656634746923,0.4746922024623803,30.73071895424836,1.0,1,Bureaux internationaux premium
46,Gafsa,Bureau,691,14307.900000000003,2.5983444283646895,20.70607814761216,4,12,12,204,6,475,2023,2026,0.017366136034732273,0.2952243125904486,0.008683068017366137,0.6874095513748191,20.70607814761216,1.0,2,Bureaux colis normaux
47,Ariana,Bureau,7385,352131.54999999923,2.219294245091406,47.68199729180761,4,12,2404,2580,2207,2513,2023,2026,0.3255247122545701,0.3493568043331077,0.2988490182802979,0.3402843601895735,47.68199729180761,1.0,1,Bureaux internationaux premium
48,Gabès,Bureau,1530,31401.14999999999,2.3283117647058855,20.523627450980385,4,12,130,702,125,698,2023,2026,0.08496732026143791,0.4588235294117647,0.08169934640522876,0.4562091503267974,20.523627450980385,1.0,0,Bureaux express nationaux standards
49,Tunis,Bureau,9611,258577.89999999988,4.976900426594511,26.904369992716667,4,12,687,1696,687,7228,2023,2026,0.07148059515138903,0.1764644677973156,0.07148059515138903,0.7520549370512953,26.904369992716667,1.0,2,Bureaux colis normaux
50,Tunis,Bureau,642,16151.250000000004,1.7275514018691573,25.157710280373838,4,12,91,282,91,269,2023,2026,0.14174454828660435,0.4392523364485981,0.14174454828660435,0.4190031152647975,25.157710280373838,1.0,0,Bureaux express nationaux standards
51,Gafsa,Bureau,1661,91087.10000000022,5.3479777242624955,54.838711619506455,4,12,0,0,0,1661,2023,2026,0.0,0.0,0.0,1.0,54.838711619506455,1.0,2,Bureaux colis normaux
52,Ariana,Bureau,1882,146452.70000000004,6.229097768331555,77.81758767268865,4,12,1,0,0,1881,2023,2026,0.0005313496280552603,0.0,0.0,0.9994686503719448,77.81758767268865,1.0,2,Bureaux colis normaux
53,Gabès,Bureau,2118,34566.69999999997,1.7585675165250239,16.32044381491972,4,12,134,1516,134,468,2023,2026,0.06326723323890462,0.7157695939565628,0.06326723323890462,0.22096317280453256,16.32044381491972,1.0,0,Bureaux express nationaux standards
54,Tunis,Bureau,2789,90042.59999999993,3.114214772319833,32.28490498386516,4,12,128,294,116,2367,2023,2026,0.04589458587307279,0.10541412692721405,0.04159196844747221,0.8486912871997132,32.28490498386516,1.0,2,Bureaux colis normaux
55,Monastir,Bureau,439,11433.6,2.5902323462414567,26.04464692482916,4,12,31,244,30,164,2023,2026,0.07061503416856492,0.5558086560364465,0.0683371298405467,0.3735763097949886,26.04464692482916,1.0,0,Bureaux express nationaux standards
56,Ariana,Bureau,683,64007.55,6.575090775988282,93.71530014641289,4,12,0,0,0,683,2023,2026,0.0,0.0,0.0,1.0,93.71530014641289,1.0,2,Bureaux colis normaux
57,Tataouine,Bureau,465,11210.899999999996,1.8951032258064502,24.10946236559139,4,12,23,52,21,390,2023,2026,0.04946236559139785,0.11182795698924732,0.04516129032258064,0.8387096774193549,24.10946236559139,1.0,2,Bureaux colis normaux
58,Sfax,Bureau,6165,68098.30000000002,2.450007591240881,11.045952960259532,4,12,178,5603,166,384,2023,2026,0.028872668288726682,0.9088402270884023,0.026926196269261963,0.06228710462287105,11.045952960259532,1.0,0,Bureaux express nationaux standards
59,Sousse,Bureau,1971,29512.69999999998,1.357056823947236,14.973465246067976,4,12,178,758,178,1035,2023,2026,0.09030948756976154,0.3845763571790969,0.09030948756976154,0.5251141552511416,14.973465246067976,1.0,0,Bureaux express nationaux standards
60,Médenine,Bureau,22,196.79999999999998,4.354954545454546,8.945454545454545,4,11,0,0,0,22,2023,2026,0.0,0.0,0.0,1.0,8.945454545454545,0.9166666666666666,2,Bureaux colis normaux
61,Médenine,Bureau,1054,14578.95,2.5576673624288384,13.832020872865275,4,12,63,90,61,901,2023,2026,0.05977229601518026,0.08538899430740038,0.05787476280834915,0.8548387096774194,13.832020872865275,1.0,2,Bureaux colis normaux
62,Médenine,Bureau,413,9310.050000000001,1.9233292978208247,22.542493946731238,4,12,97,174,97,142,2023,2026,0.23486682808716708,0.4213075060532688,0.23486682808716708,0.34382566585956414,22.542493946731238,1.0,1,Bureaux internationaux premium
63,Tataouine,Bureau,3550,139359.84999999995,1.6024540845070698,39.256295774647874,4,12,1018,1776,1011,757,2023,2026,0.28676056338028166,0.5002816901408451,0.2847887323943662,0.2132394366197183,39.256295774647874,1.0,1,Bureaux internationaux premium
64,Kébili,Bureau,2316,61513.75000000002,2.5552927892918835,26.56034110535407,4,12,240,981,226,1096,2023,2026,0.10362694300518134,0.42357512953367876,0.09758203799654577,0.47322970639032813,26.56034110535407,1.0,0,Bureaux express nationaux standards
65,Ariana,Bureau,7266,165737.85000000003,1.6094413294797754,22.810053674649055,4,12,988,4886,909,1392,2023,2026,0.1359757775942747,0.6724470134874759,0.125103220478943,0.1915772089182494,22.810053674649055,1.0,0,Bureaux express nationaux standards
66,Ariana,Bureau,1377,30914.750000000007,1.4079128540304988,22.450798838053746,4,12,210,627,170,540,2023,2026,0.15250544662309368,0.4553376906318083,0.12345679012345678,0.39215686274509803,22.450798838053746,1.0,0,Bureaux express nationaux standards
67,Monastir,Bureau,887,25096.849999999984,1.710400789176999,28.294081172491527,4,12,197,418,197,272,2023,2026,0.22209695603156707,0.47125140924464487,0.22209695603156707,0.30665163472378804,28.294081172491527,1.0,1,Bureaux internationaux premium
68,Tunis,Bureau,1135,48111.100000000006,2.1126775330396454,42.388634361233485,4,12,286,507,281,342,2023,2026,0.25198237885462554,0.44669603524229073,0.2475770925110132,0.3013215859030837,42.388634361233485,1.0,1,Bureaux internationaux premium
69,Monastir,Bureau,1552,34449.99999999997,1.495374355670104,22.19716494845359,4,12,288,880,288,384,2023,2026,0.18556701030927836,0.5670103092783505,0.18556701030927836,0.24742268041237114,22.19716494845359,1.0,0,Bureaux express nationaux standards
70,Kasserine,Bureau,1029,26344.899999999998,1.9059115646258507,25.60242954324587,4,12,132,590,122,307,2023,2026,0.1282798833819242,0.5733722060252673,0.1185617103984451,0.2983479105928086,25.60242954324587,1.0,0,Bureaux express nationaux standards
71,Tunis,Bureau,1524,66770.90000000001,3.5948845892388492,43.812926509186354,4,12,208,342,208,974,2023,2026,0.13648293963254593,0.22440944881889763,0.13648293963254593,0.6391076115485564,43.812926509186354,1.0,2,Bureaux colis normaux
72,Sfax,Bureau,1827,30840.599999999995,1.0324471811713205,16.88045977011494,4,12,216,1358,216,253,2023,2026,0.11822660098522167,0.7432950191570882,0.11822660098522167,0.1384783798576902,16.88045977011494,1.0,0,Bureaux express nationaux standards
73,Gabès,Bureau,1975,27281.399999999983,1.1808197468354418,13.813367088607587,4,12,123,1450,117,402,2023,2026,0.062278481012658225,0.7341772151898734,0.05924050632911392,0.20354430379746835,13.813367088607587,1.0,0,Bureaux express nationaux standards
74,Gabès,Bureau,665,5126.249999999999,0.923508721804511,7.708646616541352,4,12,17,443,16,205,2023,2026,0.02556390977443609,0.6661654135338346,0.02406015037593985,0.3082706766917293,7.708646616541352,1.0,0,Bureaux express nationaux standards
75,Sousse,Bureau,12075,158493.20000000027,0.717125300207046,13.125730848861306,4,12,1404,9618,1389,1053,2023,2026,0.11627329192546584,0.7965217391304348,0.11503105590062111,0.08720496894409938,13.125730848861306,1.0,0,Bureaux express nationaux standards
76,Sousse,Bureau,1317,17595.100000000006,0.9925466970387206,13.35998481397115,4,12,161,1028,149,128,2023,2026,0.12224753227031131,0.7805618830675778,0.11313591495823842,0.09719058466211086,13.35998481397115,1.0,0,Bureaux express nationaux standards
77,Sfax,Bureau,6942,37023.60000000026,0.6893504321521161,5.333275713051031,4,12,5,4207,4,2731,2023,2026,0.0007202535292422932,0.6060213195044656,0.0005762028233938346,0.3934024776721406,5.333275713051031,1.0,0,Bureaux express nationaux standards
78,Monastir,Bureau,6885,169727.84999999998,1.9591141757443729,24.651830065359473,4,12,876,4294,757,1715,2023,2026,0.1272331154684096,0.6236746550472041,0.10994916485112563,0.24909222948438633,24.651830065359473,1.0,0,Bureaux express nationaux standards
79,Kasserine,Bureau,1250,49792.50000000002,2.7478703999999983,39.83400000000002,4,12,407,350,398,493,2023,2026,0.3256,0.28,0.3184,0.3944,39.83400000000002,1.0,1,Bureaux internationaux premium
80,Kasserine,Bureau,5832,98698.90000000002,1.2902736968449904,16.923679698216738,4,12,419,4238,419,1175,2023,2026,0.07184499314128943,0.7266803840877915,0.07184499314128943,0.20147462277091907,16.923679698216738,1.0,0,Bureaux express nationaux standards
81,Sousse,Bureau,505,12513.05,0.917948514851485,24.778316831683167,4,12,140,286,140,79,2023,2026,0.27722772277227725,0.5663366336633663,0.27722772277227725,0.15643564356435644,24.778316831683167,1.0,1,Bureaux internationaux premium
82,Tunis,Bureau,940,24546.84999999999,1.5064255319148796,26.11367021276595,4,12,126,548,126,266,2023,2026,0.13404255319148936,0.5829787234042553,0.13404255319148936,0.28297872340425534,26.11367021276595,1.0,0,Bureaux express nationaux standards
83,Ariana,Bureau,9281,201342.4,1.146349380454709,21.69404159034587,4,12,1009,7193,1008,1079,2023,2026,0.10871673311065617,0.7750242430772546,0.10860898610063571,0.11625902381208922,21.69404159034587,1.0,0,Bureaux express nationaux standards
84,Médenine,Bureau,6660,131147.79999999993,0.8547641141141159,19.691861861861852,4,12,888,5051,886,721,2023,2026,0.13333333333333333,0.7584084084084084,0.13303303303303304,0.10825825825825826,19.691861861861852,1.0,0,Bureaux express nationaux standards
85,Sousse,Bureau,4138,104444.30000000024,2.886355872402122,25.240285161914024,4,12,320,1652,320,2166,2023,2026,0.07733204446592556,0.39922667955534075,0.07733204446592556,0.5234412759787337,25.240285161914024,1.0,2,Bureaux colis normaux
86,Tataouine,Bureau,1128,22428.500000000004,2.0841436170212773,19.883421985815605,4,12,87,486,84,555,2023,2026,0.07712765957446809,0.4308510638297872,0.07446808510638298,0.4920212765957447,19.883421985815605,1.0,0,Bureaux express nationaux standards
87,Monastir,Bureau,273,5623.1,0.9221501831501832,20.597435897435897,4,12,90,95,89,88,2023,2026,0.32967032967032966,0.34798534798534797,0.326007326007326,0.32234432234432236,20.597435897435897,1.0,1,Bureaux internationaux premium
88,Sfax,Bureau,574,3510.2,1.9751689895470366,6.1153310104529615,4,12,11,102,8,461,2023,2026,0.01916376306620209,0.17770034843205576,0.013937282229965157,0.8031358885017421,6.1153310104529615,1.0,2,Bureaux colis normaux
89,Tataouine,Bureau,7957,177663.30000000008,1.6225863516400987,22.327925097398527,4,12,870,5974,869,1113,2023,2026,0.10933769008420259,0.7507854719115244,0.10921201457835868,0.13987683800427297,22.327925097398527,1.0,0,Bureaux express nationaux standards
90,Tunis,Bureau,196,6154.600000000004,3.960989795918367,31.401020408163287,4,12,12,25,4,159,2023,2026,0.061224489795918366,0.12755102040816327,0.02040816326530612,0.8112244897959183,31.401020408163287,1.0,2,Bureaux colis normaux
91,Tunis,Bureau,896,32920.40000000001,2.9866160714285725,36.74151785714287,4,12,51,310,51,535,2023,2026,0.056919642857142856,0.34598214285714285,0.056919642857142856,0.5970982142857143,36.74151785714287,1.0,2,Bureaux colis normaux
92,Gabès,Bureau,1301,17857.999999999993,1.9415011529592625,13.72636433512682,4,12,91,355,90,855,2023,2026,0.06994619523443504,0.27286702536510377,0.06917755572636433,0.6571867794004612,13.72636433512682,1.0,2,Bureaux colis normaux
93,Ariana,Bureau,293,3596.1999999999994,2.119383617747438,12.273720136518769,4,12,0,0,0,293,2023,2026,0.0,0.0,0.0,1.0,12.273720136518769,1.0,2,Bureaux colis normaux
94,Ariana,Bureau,760,13051.300000000021,2.008471052631578,17.172763157894764,4,12,0,0,0,760,2023,2026,0.0,0.0,0.0,1.0,17.172763157894764,1.0,2,Bureaux colis normaux
95,Sousse,Bureau,2671,129250.40000000008,1.9433073755147945,48.390265818045705,4,12,916,1398,914,357,2023,2026,0.34294271808311494,0.523399475851741,0.34219393485585925,0.13365780606514413,48.390265818045705,1.0,1,Bureaux internationaux premium
96,Tunis,Bureau,2545,63461.44999999999,1.6576808644400751,24.935736738703337,4,12,324,1133,323,1088,2023,2026,0.12730844793713164,0.4451866404715128,0.1269155206286837,0.4275049115913556,24.935736738703337,1.0,0,Bureaux express nationaux standards
97,Ariana,Bureau,311,7065.850000000001,2.55697427652733,22.719774919614153,4,12,0,0,0,311,2023,2026,0.0,0.0,0.0,1.0,22.719774919614153,1.0,2,Bureaux colis normaux
98,Sfax,Bureau,703,16042.100000000006,1.5031436699857748,22.8194879089616,4,12,48,466,48,189,2023,2026,0.06827880512091039,0.662873399715505,0.06827880512091039,0.26884779516358465,22.8194879089616,1.0,0,Bureaux express nationaux standards
99,Monastir,Bureau,1231,49018.65000000001,2.6390381803411795,39.82018683996751,4,12,555,372,412,304,2023,2026,0.45085296506904954,0.3021933387489846,0.3346872461413485,0.2469536961819659,39.82018683996751,1.0,1,Bureaux internationaux premium
100,Sousse,Bureau,1260,12375.299999999994,0.9317769841269836,9.821666666666662,4,12,111,712,111,437,2023,2026,0.0880952380952381,0.5650793650793651,0.0880952380952381,0.3468253968253968,9.821666666666662,1.0,0,Bureaux express nationaux standards
101,Sfax,Bureau,693,24484.199999999993,2.6204329004328977,35.33073593073592,4,12,121,317,121,255,2023,2026,0.1746031746031746,0.4574314574314574,0.1746031746031746,0.36796536796536794,35.33073593073592,1.0,1,Bureaux internationaux premium
102,Gabès,Bureau,1095,16373.800000000005,1.1255378082191785,14.953242009132424,4,12,86,675,80,334,2023,2026,0.07853881278538813,0.6164383561643836,0.0730593607305936,0.3050228310502283,14.953242009132424,1.0,0,Bureaux express nationaux standards
103,Sousse,Bureau,8479,148019.35000000003,0.7822173605378111,17.457170656917093,4,12,1007,6788,1005,684,2023,2026,0.11876400518929119,0.8005661044934544,0.11852812831701852,0.0806698903172544,17.457170656917093,1.0,0,Bureaux express nationaux standards
104,Sousse,Bureau,122,1703.4999999999998,2.8899508196721295,13.963114754098358,3,12,8,50,7,64,2023,2025,0.06557377049180328,0.4098360655737705,0.05737704918032787,0.5245901639344263,13.963114754098358,1.0,2,Bureaux colis normaux
105,Sfax,Bureau,1448,35553.850000000035,2.087631560773478,24.55376381215472,4,12,166,745,166,537,2023,2026,0.11464088397790055,0.5145027624309392,0.11464088397790055,0.3708563535911602,24.55376381215472,1.0,0,Bureaux express nationaux standards
106,Sfax,Bureau,2244,80877.95,2.158863636363643,36.04186720142602,4,12,372,1565,209,307,2023,2026,0.1657754010695187,0.6974153297682709,0.09313725490196079,0.13680926916221034,36.04186720142602,1.0,0,Bureaux express nationaux standards
107,Monastir,Bureau,227,7694.500000000001,2.633929515418502,33.896475770925115,4,12,44,86,44,97,2023,2026,0.19383259911894274,0.3788546255506608,0.19383259911894274,0.42731277533039647,33.896475770925115,1.0,1,Bureaux internationaux premium
108,Ariana,Bureau,3918,110340.74999999997,1.9977117815211893,28.162519142419594,4,12,422,1217,416,2284,2023,2026,0.10770801429300664,0.310617662072486,0.10617662072485962,0.5829504849412965,28.162519142419594,1.0,2,Bureaux colis normaux
109,Sfax,Bureau,2727,71480.09999999999,2.0105988632196534,26.211991199119907,4,12,270,1351,196,1106,2023,2026,0.09900990099009901,0.49541620828749544,0.07187385405207188,0.4055738907224056,26.211991199119907,1.0,0,Bureaux express nationaux standards
110,Sfax,Bureau,712,14669.700000000004,1.4530674157303372,20.60351123595506,4,12,49,394,49,269,2023,2026,0.06882022471910113,0.5533707865168539,0.06882022471910113,0.37780898876404495,20.60351123595506,1.0,0,Bureaux express nationaux standards
111,Sfax,Bureau,860,8791.300000000003,1.8119732558139552,10.22244186046512,4,12,68,567,68,225,2023,2026,0.07906976744186046,0.6593023255813953,0.07906976744186046,0.2616279069767442,10.22244186046512,1.0,0,Bureaux express nationaux standards
112,Médenine,Bureau,1557,17866.8,0.9783532434168237,11.47514450867052,4,12,92,1009,92,456,2023,2026,0.05908798972382787,0.6480411046885035,0.05908798972382787,0.2928709055876686,11.47514450867052,1.0,0,Bureaux express nationaux standards
113,Tunis,Bureau,658,22836.0,2.951410334346498,34.70516717325228,4,12,40,275,36,343,2023,2026,0.060790273556231005,0.41793313069908816,0.0547112462006079,0.5212765957446809,34.70516717325228,1.0,2,Bureaux colis normaux
114,Sousse,Bureau,705,13744.800000000001,1.2509475177304956,19.49617021276596,4,12,144,269,143,292,2023,2026,0.20425531914893616,0.38156028368794326,0.2028368794326241,0.41418439716312055,19.49617021276596,1.0,1,Bureaux internationaux premium
115,Tunis,Bureau,545,11924.500000000005,1.9211790825688093,21.87981651376148,4,12,0,0,0,545,2023,2026,0.0,0.0,0.0,1.0,21.87981651376148,1.0,2,Bureaux colis normaux
116,Sfax,Bureau,782,30035.199999999997,1.9864948849104829,38.408184143222506,4,12,117,528,115,137,2023,2026,0.149616368286445,0.6751918158567775,0.14705882352941177,0.17519181585677748,38.408184143222506,1.0,0,Bureaux express nationaux standards
117,Ariana,Bureau,5483,128022.59999999715,1.591244798942144,23.349006018602434,4,12,614,484,614,4385,2023,2026,0.11198249133685938,0.08827284333394127,0.11198249133685938,0.7997446653291993,23.349006018602434,1.0,2,Bureaux colis normaux
118,Gafsa,Bureau,2182,28685.35000000007,6.281944958753437,13.146356553620564,4,12,45,289,44,1848,2023,2026,0.020623281393217233,0.1324472960586618,0.02016498625114574,0.846929422548121,13.146356553620564,1.0,2,Bureaux colis normaux
119,Sfax,Bureau,1268,34335.69999999999,2.2057058359621404,27.078627760252356,4,12,125,700,123,443,2023,2026,0.09858044164037855,0.5520504731861199,0.09700315457413249,0.34936908517350157,27.078627760252356,1.0,0,Bureaux express nationaux standards
120,Gabès,Bureau,7617,83214.34999999893,1.812807063148224,10.924819482735845,4,12,718,2680,718,4219,2023,2026,0.0942628331364054,0.351844558225023,0.0942628331364054,0.5538926086385716,10.924819482735845,1.0,0,Bureaux express nationaux standards
121,Sfax,Bureau,5223,73262.74999999972,0.9851808347692781,14.026948114110612,4,12,392,3353,384,1478,2023,2026,0.07505265173272066,0.6419682174995214,0.07352096496266514,0.282979130767758,14.026948114110612,1.0,0,Bureaux express nationaux standards
122,Monastir,Bureau,1709,10797.650000000016,2.0127075482738435,6.318110005851384,4,12,1,8,0,1700,2023,2026,0.0005851375073142189,0.004681100058513751,0.0,0.994733762434172,6.318110005851384,1.0,2,Bureaux colis normaux
123,Kasserine,Bureau,186,7356.500000000001,3.392032258064519,39.55107526881721,4,12,0,0,0,186,2023,2026,0.0,0.0,0.0,1.0,39.55107526881721,1.0,2,Bureaux colis normaux
124,Sfax,Bureau,2848,34457.09999999999,0.9102522471910084,12.098700842696626,4,12,334,2241,334,273,2023,2026,0.1172752808988764,0.7868679775280899,0.1172752808988764,0.09585674157303371,12.098700842696626,1.0,0,Bureaux express nationaux standards
125,Sfax,Bureau,2856,114834.0,2.4863222338935644,40.20798319327731,4,12,580,1378,288,898,2023,2026,0.2030812324929972,0.48249299719887956,0.10084033613445378,0.31442577030812324,40.20798319327731,1.0,1,Bureaux internationaux premium
126,Tunis,Bureau,988,42256.95000000001,1.902548076923077,42.77019230769232,4,12,348,288,348,352,2023,2026,0.3522267206477733,0.291497975708502,0.3522267206477733,0.3562753036437247,42.77019230769232,1.0,1,Bureaux internationaux premium
127,Gabès,Bureau,1422,18883.75,2.078379113924051,13.279711673699016,4,12,137,328,42,957,2023,2026,0.09634317862165963,0.23066104078762306,0.029535864978902954,0.6729957805907173,13.279711673699016,1.0,2,Bureaux colis normaux
128,Ariana,Bureau,1301,44119.59999999998,3.0545664873174467,33.91206764027669,4,12,2,0,0,1301,2023,2026,0.0015372790161414297,0.0,0.0,1.0,33.91206764027669,1.0,2,Bureaux colis normaux
129,Sfax,Bureau,3888,102303.00000000003,1.56318729423868,26.312500000000007,4,12,466,2649,460,773,2023,2026,0.1198559670781893,0.6813271604938271,0.1183127572016461,0.19881687242798354,26.312500000000007,1.0,0,Bureaux express nationaux standards
130,Gabès,Bureau,1420,16254.499999999967,1.8804669014084523,11.44683098591547,4,12,95,347,74,978,2023,2026,0.06690140845070422,0.2443661971830986,0.05211267605633803,0.6887323943661972,11.44683098591547,1.0,2,Bureaux colis normaux
131,Monastir,Bureau,610,28105.899999999987,3.895409016393442,46.07524590163932,4,12,59,77,59,474,2023,2026,0.09672131147540984,0.12622950819672132,0.09672131147540984,0.7770491803278688,46.07524590163932,1.0,2,Bureaux colis normaux
132,Ariana,Bureau,848,17341.700000000004,1.171402358490566,20.450117924528307,4,12,0,0,0,848,2023,2026,0.0,0.0,0.0,1.0,20.450117924528307,1.0,2,Bureaux colis normaux
133,Sousse,Bureau,760,25809.350000000002,2.8471778947368347,33.959671052631585,4,12,84,318,84,358,2023,2026,0.11052631578947368,0.41842105263157897,0.11052631578947368,0.4710526315789474,33.959671052631585,1.0,2,Bureaux colis normaux
134,Médenine,Bureau,622,8323.300000000007,2.322564308681673,13.381511254019303,4,12,44,73,44,505,2023,2026,0.0707395498392283,0.11736334405144695,0.0707395498392283,0.8118971061093248,13.381511254019303,1.0,2,Bureaux colis normaux
135,Sfax,Bureau,398,6419.649999999999,0.6541030150753774,16.12977386934673,4,12,78,90,78,230,2023,2026,0.19597989949748743,0.22613065326633167,0.19597989949748743,0.5778894472361809,16.12977386934673,1.0,1,Bureaux internationaux premium
136,Tataouine,Bureau,2726,66272.59999999992,2.1150953778429904,24.311298606016113,4,12,284,1490,257,952,2023,2026,0.10418195157740279,0.5465884079236977,0.09427732942039618,0.3492296404988995,24.311298606016113,1.0,0,Bureaux express nationaux standards
137,Sfax,Bureau,515,8928.700000000003,2.2174368932038835,17.337281553398064,4,12,50,290,50,175,2023,2026,0.0970873786407767,0.5631067961165048,0.0970873786407767,0.33980582524271846,17.337281553398064,1.0,0,Bureaux express nationaux standards
138,Ariana,Bureau,2649,115570.90000000005,2.4395761041902615,43.62812382030957,4,12,580,735,579,1334,2023,2026,0.21895054737636843,0.27746319365798416,0.21857304643261607,0.5035862589656475,43.62812382030957,1.0,1,Bureaux internationaux premium
139,Ariana,Bureau,425,14674.29999999999,3.3847717647058833,34.52776470588233,4,12,1,1,1,423,2023,2026,0.002352941176470588,0.002352941176470588,0.002352941176470588,0.9952941176470588,34.52776470588233,1.0,2,Bureaux colis normaux
140,Gabès,Bureau,1206,10516.350000000004,2.0031216417910453,8.720024875621894,4,12,48,319,48,839,2023,2026,0.03980099502487562,0.2645107794361526,0.03980099502487562,0.6956882255389718,8.720024875621894,1.0,2,Bureaux colis normaux
141,Sfax,Bureau,198,1375.3000000000022,1.184510101010102,6.945959595959607,4,12,8,65,8,125,2023,2026,0.04040404040404041,0.3282828282828283,0.04040404040404041,0.6313131313131313,6.945959595959607,1.0,2,Bureaux colis normaux
142,Tataouine,Bureau,1830,49823.60000000004,2.8702811475409864,27.22601092896177,4,12,192,881,179,757,2023,2026,0.10491803278688525,0.4814207650273224,0.09781420765027322,0.41366120218579233,27.22601092896177,1.0,0,Bureaux express nationaux standards
143,Tunis,Bureau,2352,47818.19999999999,0.8857691326530533,20.33086734693877,4,12,435,1574,406,343,2023,2026,0.18494897959183673,0.66921768707483,0.17261904761904762,0.14583333333333334,20.33086734693877,1.0,0,Bureaux express nationaux standards
144,Monastir,Bureau,330,9448.0,2.228339393939394,28.63030303030303,4,12,40,235,25,55,2023,2026,0.12121212121212122,0.7121212121212122,0.07575757575757576,0.16666666666666666,28.63030303030303,1.0,0,Bureaux express nationaux standards
145,Sousse,Bureau,2842,48205.39999999999,0.6983198451794385,16.96178747361013,4,12,439,2256,434,147,2023,2026,0.15446868402533429,0.7938071780436312,0.15270935960591134,0.05172413793103448,16.96178747361013,1.0,0,Bureaux express nationaux standards
146,Sousse,Bureau,3362,90077.64999999992,1.227030041641881,26.79287626412847,4,12,814,2248,784,300,2023,2026,0.24211778703152886,0.6686496133254015,0.23319452706722188,0.08923259964306961,26.79287626412847,1.0,1,Bureaux internationaux premium
147,Gabès,Bureau,1427,12628.400000000009,1.1044119831814945,8.849614576033643,4,12,53,741,50,633,2023,2026,0.03714085494043448,0.5192711983181499,0.0350385423966363,0.44358794674141555,8.849614576033643,1.0,0,Bureaux express nationaux standards
148,Sfax,Bureau,1503,35249.10000000001,1.681986693280103,23.452495009980048,4,12,113,843,112,547,2023,2026,0.07518296739853626,0.5608782435129741,0.07451763140385895,0.3639387890884897,23.452495009980048,1.0,0,Bureaux express nationaux standards
149,Monastir,Bureau,540,6677.200000000003,1.7947944444444415,12.36518518518519,4,12,1,210,0,329,2023,2026,0.001851851851851852,0.3888888888888889,0.0,0.6092592592592593,12.36518518518519,1.0,2,Bureaux colis normaux
150,Sfax,Bureau,1192,7361.400000000002,1.0229018456375851,6.175671140939599,4,12,17,881,0,294,2023,2026,0.014261744966442953,0.7390939597315436,0.0,0.24664429530201343,6.175671140939599,1.0,0,Bureaux express nationaux standards
151,Kasserine,Bureau,778,9186.650000000007,2.0659344473007706,11.808033419023145,4,12,1,343,1,434,2023,2026,0.0012853470437017994,0.44087403598971725,0.0012853470437017994,0.5578406169665809,11.808033419023145,1.0,2,Bureaux colis normaux
152,Sfax,Bureau,4330,55218.40000000009,1.243502494226328,12.752517321016187,4,12,242,2593,238,1495,2023,2026,0.0558891454965358,0.5988452655889146,0.05496535796766744,0.34526558891454967,12.752517321016187,1.0,0,Bureaux express nationaux standards
153,Médenine,Bureau,1617,19804.600000000035,2.946933209647502,12.247742733457041,4,12,54,928,54,635,2023,2026,0.03339517625231911,0.5739022881880025,0.03339517625231911,0.39270253555967843,12.247742733457041,1.0,0,Bureaux express nationaux standards
154,Kasserine,Bureau,1522,12389.999999999998,0.8080429040735817,8.140604467805518,4,12,45,995,44,482,2023,2026,0.02956636005256242,0.6537450722733246,0.02890932982917214,0.316688567674113,8.140604467805518,1.0,0,Bureaux express nationaux standards
155,Sousse,Bureau,215,2346.500000000001,0.9999069767441865,10.913953488372098,4,12,32,68,31,115,2023,2026,0.14883720930232558,0.31627906976744186,0.14418604651162792,0.5348837209302325,10.913953488372098,1.0,0,Bureaux express nationaux standards
156,Sousse,Bureau,19449,365423.6500000251,1.323127826623459,18.788814334928535,4,12,2383,8728,2375,8338,2023,2026,0.12252557972132243,0.4487634325672271,0.12211424751915266,0.42871098771145044,18.788814334928535,1.0,0,Bureaux express nationaux standards
157,Tunis,Bureau,478,23264.900000000045,3.464675732217571,48.67133891213398,4,12,0,0,0,478,2023,2026,0.0,0.0,0.0,1.0,48.67133891213398,1.0,2,Bureaux colis normaux
158,Gabès,Bureau,390,4654.3,1.3339846153846147,11.934102564102565,4,12,29,277,26,84,2023,2026,0.07435897435897436,0.7102564102564103,0.06666666666666667,0.2153846153846154,11.934102564102565,1.0,0,Bureaux express nationaux standards
159,Sousse,Bureau,975,16842.75,4.653188615384617,17.274615384615384,4,12,117,176,107,685,2023,2026,0.12,0.18051282051282053,0.10974358974358975,0.7025641025641025,17.274615384615384,1.0,2,Bureaux colis normaux
160,Sfax,Bureau,2071,13609.0,1.3772789956542741,6.571221632061806,4,12,47,904,40,1120,2023,2026,0.0226943505552873,0.43650410429744085,0.01931434089811685,0.5408015451472719,6.571221632061806,1.0,0,Bureaux express nationaux standards
161,Sousse,Bureau,890,16798.4,1.2200820224719056,18.874606741573036,4,12,128,643,128,119,2023,2026,0.14382022471910114,0.7224719101123596,0.14382022471910114,0.13370786516853933,18.874606741573036,1.0,0,Bureaux express nationaux standards
162,Sousse,Bureau,908,9967.700000000012,2.018939207048455,10.97764317180618,4,12,58,441,58,409,2023,2026,0.06387665198237885,0.4856828193832599,0.06387665198237885,0.45044052863436124,10.97764317180618,1.0,0,Bureaux express nationaux standards
163,Gabès,Bureau,2329,45785.3,1.6233787891799083,19.658780592528984,4,12,284,1295,284,750,2023,2026,0.12194074710176041,0.5560326320309146,0.12194074710176041,0.32202662086732503,19.658780592528984,1.0,0,Bureaux express nationaux standards
164,Sousse,Bureau,262,11374.399999999998,4.0531335877862595,43.41374045801526,4,12,39,125,38,98,2023,2026,0.14885496183206107,0.4770992366412214,0.1450381679389313,0.37404580152671757,43.41374045801526,1.0,1,Bureaux internationaux premium
165,Ariana,Bureau,1076,45144.85000000004,2.0360639405204455,41.95618029739781,4,12,252,230,251,594,2023,2026,0.2342007434944238,0.2137546468401487,0.23327137546468402,0.5520446096654275,41.95618029739781,1.0,1,Bureaux internationaux premium
166,Ariana,Bureau,471,14120.000000000002,1.0113906581740972,29.978768577494694,4,12,184,179,182,108,2023,2026,0.39065817409766457,0.38004246284501064,0.386411889596603,0.22929936305732485,29.978768577494694,1.0,1,Bureaux internationaux premium
167,Monastir,Bureau,1056,35747.90000000001,1.9407142992424216,33.85217803030304,4,12,217,522,217,317,2023,2026,0.20549242424242425,0.4943181818181818,0.20549242424242425,0.3001893939393939,33.85217803030304,1.0,1,Bureaux internationaux premium
168,Sfax,Bureau,2174,65499.749999999985,1.8534842686292792,30.12867985280588,4,12,351,1121,349,702,2023,2026,0.16145354185832567,0.515639374425023,0.16053357865685372,0.32290708371665133,30.12867985280588,1.0,0,Bureaux express nationaux standards
169,Tunis,Bureau,890,24036.699999999983,2.917794943820221,27.00752808988762,4,12,35,88,7,767,2023,2026,0.03932584269662921,0.09887640449438202,0.007865168539325843,0.8617977528089887,27.00752808988762,1.0,2,Bureaux colis normaux
170,Gabès,Bureau,396,6661.600000000002,1.6411161616161587,16.822222222222226,4,12,26,213,26,157,2023,2026,0.06565656565656566,0.5378787878787878,0.06565656565656566,0.39646464646464646,16.822222222222226,1.0,0,Bureaux express nationaux standards
171,Sfax,Bureau,3649,89502.3000000002,2.1190600164428637,24.5278980542615,4,12,338,2167,338,1144,2023,2026,0.09262811729240888,0.5938613318717457,0.09262811729240888,0.31351055083584545,24.5278980542615,1.0,0,Bureaux express nationaux standards
172,Tunis,Bureau,642,22066.99999999998,2.6247032710280345,34.37227414330215,4,12,41,103,29,499,2023,2026,0.06386292834890965,0.16043613707165108,0.045171339563862926,0.7772585669781932,34.37227414330215,1.0,2,Bureaux colis normaux
173,Ariana,Bureau,582,10382.349999999999,2.2346845360824745,17.839089347079035,4,12,84,61,81,437,2023,2026,0.14432989690721648,0.10481099656357389,0.13917525773195877,0.7508591065292096,17.839089347079035,1.0,2,Bureaux colis normaux
174,Tunis,Bureau,93,3440.0,0.4766129032258066,36.98924731182796,2,12,65,24,65,4,2023,2024,0.6989247311827957,0.25806451612903225,0.6989247311827957,0.043010752688172046,36.98924731182796,1.0,1,Bureaux internationaux premium
175,Sfax,Bureau,739,30514.7,2.120033847020494,41.291880920162384,4,12,165,467,118,107,2023,2026,0.2232746955345061,0.631935047361299,0.15967523680649526,0.14479025710419485,41.291880920162384,1.0,1,Bureaux internationaux premium
176,Gafsa,Bureau,5430,75539.74999999999,2.5913107182320503,13.911556169429096,4,12,442,3606,430,1382,2023,2026,0.08139963167587477,0.6640883977900552,0.07918968692449356,0.25451197053407,13.911556169429096,1.0,0,Bureaux express nationaux standards
177,Sfax,Bureau,401,3802.8000000000006,0.9036458852867828,9.483291770573567,4,12,25,341,2,35,2023,2026,0.06234413965087282,0.8503740648379052,0.004987531172069825,0.08728179551122195,9.483291770573567,1.0,0,Bureaux express nationaux standards
178,Médenine,Bureau,770,10724.499999999996,1.600453376623376,13.927922077922073,4,12,12,332,0,426,2023,2026,0.015584415584415584,0.43116883116883115,0.0,0.5532467532467532,13.927922077922073,1.0,2,Bureaux colis normaux
179,Sousse,Bureau,670,4484.599999999997,3.8730164179104545,6.69343283582089,4,12,20,71,20,579,2023,2026,0.029850746268656716,0.10597014925373134,0.029850746268656716,0.8641791044776119,6.69343283582089,1.0,2,Bureaux colis normaux
180,Sfax,Bureau,381,10010.600000000004,3.5979947506561643,26.27454068241471,4,12,36,123,36,222,2023,2026,0.09448818897637795,0.3228346456692913,0.09448818897637795,0.5826771653543307,26.27454068241471,1.0,2,Bureaux colis normaux
181,Sfax,Bureau,621,7512.100000000003,1.03607729468599,12.09677938808374,4,12,74,357,74,190,2023,2026,0.11916264090177134,0.5748792270531401,0.11916264090177134,0.3059581320450886,12.09677938808374,1.0,0,Bureaux express nationaux standards
182,Sfax,Bureau,553,4324.899999999998,1.4973092224231388,7.820795660036162,4,12,23,408,23,122,2023,2026,0.04159132007233273,0.7377938517179023,0.04159132007233273,0.2206148282097649,7.820795660036162,1.0,0,Bureaux express nationaux standards
183,Kasserine,Bureau,1147,14683.949999999988,1.4145252833478648,12.802048823016554,4,12,55,601,54,491,2023,2026,0.04795117698343505,0.5239755884917175,0.047079337401918046,0.4280732345248474,12.802048823016554,1.0,0,Bureaux express nationaux standards
184,Tataouine,Bureau,455,14340.599999999991,3.013585274725275,31.51780219780218,4,12,13,130,12,312,2023,2026,0.02857142857142857,0.2857142857142857,0.026373626373626374,0.6857142857142857,31.51780219780218,1.0,2,Bureaux colis normaux
185,Monastir,Bureau,4254,101784.10000000015,1.6601317066290542,23.92668077103906,4,12,641,581,641,3032,2023,2026,0.15068171133051245,0.13657733897508229,0.15068171133051245,0.7127409496944053,23.92668077103906,1.0,2,Bureaux colis normaux
186,Ariana,Bureau,1998,95569.50000000001,2.0133858858858797,47.83258258258259,4,12,624,981,615,393,2023,2026,0.3123123123123123,0.49099099099099097,0.3078078078078078,0.1966966966966967,47.83258258258259,1.0,1,Bureaux internationaux premium
187,Kairouan,Bureau,474,19307.399999999994,3.5133312236286907,40.73291139240505,4,12,81,89,81,304,2023,2026,0.17088607594936708,0.1877637130801688,0.17088607594936708,0.6413502109704642,40.73291139240505,1.0,1,Bureaux internationaux premium
188,Gabès,Bureau,331,4422.700000000001,1.2637673716012094,13.36163141993958,4,12,17,233,17,81,2023,2026,0.0513595166163142,0.7039274924471299,0.0513595166163142,0.24471299093655588,13.36163141993958,1.0,0,Bureaux express nationaux standards
189,Médenine,Bureau,5338,108850.65000000013,1.5925675159235682,20.391654177594628,4,12,526,2479,517,2333,2023,2026,0.09853877856875234,0.4644061446234545,0.09685275384038966,0.4370550768077932,20.391654177594628,1.0,0,Bureaux express nationaux standards
190,Sousse,Bureau,1060,5706.599999999997,1.7422565094339606,5.383584905660374,4,12,5,287,3,768,2023,2026,0.0047169811320754715,0.27075471698113207,0.002830188679245283,0.7245283018867924,5.383584905660374,1.0,2,Bureaux colis normaux
191,Monastir,Bureau,2778,58347.399999999965,1.3458504679625645,21.003383729301643,4,12,349,1438,349,991,2023,2026,0.12562994960403168,0.5176385889128869,0.12562994960403168,0.3567314614830814,21.003383729301643,1.0,0,Bureaux express nationaux standards
192,Sfax,Bureau,408,8706.1,2.7999901960784306,21.338480392156864,4,12,25,255,23,128,2023,2026,0.061274509803921566,0.625,0.056372549019607844,0.3137254901960784,21.338480392156864,1.0,0,Bureaux express nationaux standards
193,Ariana,Bureau,1627,46403.350000000006,2.3273743085433387,28.520805162876464,4,12,192,359,175,1076,2023,2026,0.11800860479409957,0.22065150583896742,0.107559926244622,0.661339889366933,28.520805162876464,1.0,2,Bureaux colis normaux
194,Gabès,Bureau,4014,60052.04999999998,1.0439787244643728,14.960650224215241,4,12,578,2778,559,658,2023,2026,0.1439960139511709,0.6920777279521674,0.13926258096661684,0.1639262580966617,14.960650224215241,1.0,0,Bureaux express nationaux standards
195,Gabès,Bureau,307,4546.35,1.7450618892508152,14.808957654723129,4,12,60,51,60,196,2023,2026,0.19543973941368079,0.16612377850162866,0.19543973941368079,0.6384364820846905,14.808957654723129,1.0,2,Bureaux colis normaux
196,Ariana,Bureau,5176,74565.14999999983,0.4257614843466409,14.40594088098915,4,12,592,2270,586,2314,2023,2026,0.1143740340030912,0.4385625965996909,0.11321483771251932,0.4470633693972179,14.40594088098915,1.0,0,Bureaux express nationaux standards
197,Monastir,Bureau,573,11353.05000000001,2.285521815008727,19.813350785340333,4,12,67,98,64,408,2023,2026,0.1169284467713787,0.17102966841186737,0.11169284467713787,0.7120418848167539,19.813350785340333,1.0,2,Bureaux colis normaux
198,Ariana,Bureau,1722,48748.900000000016,1.4105185830429772,28.30946573751453,4,12,314,1112,311,296,2023,2026,0.18234610917537747,0.645760743321719,0.1806039488966318,0.1718931475029036,28.30946573751453,1.0,0,Bureaux express nationaux standards
199,Sfax,Bureau,121,781.8000000000001,0.5519586776859507,6.461157024793389,4,12,4,104,2,13,2023,2026,0.03305785123966942,0.859504132231405,0.01652892561983471,0.10743801652892562,6.461157024793389,1.0,0,Bureaux express nationaux standards
200,Sfax,Bureau,1868,42027.89999999993,1.871779978586732,22.49887580299782,4,12,201,1061,201,606,2023,2026,0.1076017130620985,0.5679871520342612,0.1076017130620985,0.32441113490364026,22.49887580299782,1.0,0,Bureaux express nationaux standards
201,Kairouan,Bureau,1846,42097.55000000002,1.573078006500542,22.804739978331536,4,12,275,1241,274,330,2023,2026,0.14897074756229686,0.6722643553629469,0.14842903575297942,0.17876489707475623,22.804739978331536,1.0,0,Bureaux express nationaux standards
202,Tunis,Bureau,2143,76246.24999999991,1.9234504433037787,35.57921138590756,4,12,491,814,491,838,2023,2026,0.22911805879608027,0.37984134391040597,0.22911805879608027,0.39104059729351376,35.57921138590756,1.0,1,Bureaux internationaux premium
203,Sfax,Bureau,838,26284.899999999998,2.8618169451074005,31.366229116945103,4,12,61,437,61,340,2023,2026,0.07279236276849642,0.5214797136038186,0.07279236276849642,0.40572792362768495,31.366229116945103,1.0,0,Bureaux express nationaux standards
204,Sousse,Bureau,286,5077.700000000003,0.9987867132867128,17.754195804195813,4,12,68,138,45,80,2023,2026,0.23776223776223776,0.4825174825174825,0.15734265734265734,0.27972027972027974,17.754195804195813,1.0,0,Bureaux express nationaux standards
205,Médenine,Bureau,981,18606.8,1.846330071355762,18.967176350662587,4,12,139,311,139,531,2023,2026,0.14169215086646278,0.31702344546381245,0.14169215086646278,0.5412844036697247,18.967176350662587,1.0,2,Bureaux colis normaux
206,Kasserine,Bureau,2799,57946.199999999975,1.7376120042872465,20.702465166130754,4,12,96,1856,96,847,2023,2026,0.03429796355841372,0.6630939621293319,0.03429796355841372,0.3026080743122544,20.702465166130754,1.0,0,Bureaux express nationaux standards
207,Kairouan,Bureau,3009,51233.800000000025,1.2942257892987687,17.026852775008315,4,12,350,2269,350,390,2023,2026,0.1163177135260884,0.7540711199734131,0.1163177135260884,0.1296111665004985,17.026852775008315,1.0,0,Bureaux express nationaux standards
208,Tunis,Bureau,4467,128162.94999999994,1.7738804566823387,28.691056637564348,4,12,818,2444,817,1205,2023,2026,0.18312066263711663,0.5471233490038057,0.18289679874636222,0.26975598835907766,28.691056637564348,1.0,0,Bureaux express nationaux standards
209,Tunis,Bureau,1456,35164.10000000001,2.2842239010989003,24.151167582417592,4,12,4,0,4,1452,2023,2026,0.0027472527472527475,0.0,0.0027472527472527475,0.9972527472527473,24.151167582417592,1.0,2,Bureaux colis normaux
210,Gafsa,Bureau,4134,127560.09999999996,2.669220875665218,30.856337687469754,4,12,0,2268,0,1866,2023,2026,0.0,0.548621190130624,0.0,0.4513788098693759,30.856337687469754,1.0,0,Bureaux express nationaux standards
211,Ariana,Bureau,454,19431.099999999995,3.0115198237885457,42.79977973568281,4,12,104,91,104,259,2023,2026,0.2290748898678414,0.20044052863436124,0.2290748898678414,0.5704845814977973,42.79977973568281,1.0,1,Bureaux internationaux premium
212,Kairouan,Bureau,1690,26191.499999999996,1.9648692307692284,15.497928994082837,4,12,168,1285,166,237,2023,2026,0.09940828402366864,0.7603550295857988,0.09822485207100591,0.14023668639053255,15.497928994082837,1.0,0,Bureaux express nationaux standards
213,Tunis,Bureau,430,15707.499999999998,2.968888372093022,36.529069767441854,4,12,42,77,42,311,2023,2026,0.09767441860465116,0.17906976744186046,0.09767441860465116,0.7232558139534884,36.529069767441854,1.0,2,Bureaux colis normaux
214,Sfax,Bureau,566,14435.65000000001,1.6467300353356853,25.504681978798605,4,12,70,148,49,348,2023,2026,0.12367491166077739,0.26148409893992935,0.08657243816254417,0.6148409893992933,25.504681978798605,1.0,2,Bureaux colis normaux
215,Sousse,Bureau,1327,22909.1,3.253898266767145,17.263828183873397,4,12,197,665,175,465,2023,2026,0.14845516201959308,0.5011303692539563,0.13187641296156744,0.35041446872645066,17.263828183873397,1.0,0,Bureaux express nationaux standards
216,Tunis,Bureau,663,30304.499999999993,2.482101055806936,45.70814479638008,4,12,227,166,227,270,2023,2026,0.34238310708898945,0.25037707390648567,0.34238310708898945,0.4072398190045249,45.70814479638008,1.0,1,Bureaux internationaux premium
217,Tunis,Bureau,4548,145631.0499999997,2.111806288478459,32.02089929639395,4,12,974,2000,852,1574,2023,2026,0.21416007036059806,0.4397537379067722,0.18733509234828497,0.3460861917326297,32.02089929639395,1.0,1,Bureaux internationaux premium
218,Tunis,Bureau,572,14863.699999999995,2.8961853146853165,25.9854895104895,4,12,31,278,30,263,2023,2026,0.05419580419580419,0.486013986013986,0.05244755244755245,0.4597902097902098,25.9854895104895,1.0,2,Bureaux colis normaux
219,Ariana,Bureau,1477,23988.799999999996,1.1773033175355418,16.241570751523355,4,12,113,170,112,1194,2023,2026,0.07650643195666892,0.11509817197020988,0.07582938388625593,0.8083953960731212,16.241570751523355,1.0,2,Bureaux colis normaux
220,Ariana,Bureau,1992,65718.65000000007,2.6220518574297222,32.991290160642606,4,12,237,708,209,1047,2023,2026,0.11897590361445783,0.35542168674698793,0.10491967871485944,0.5256024096385542,32.991290160642606,1.0,2,Bureaux colis normaux
221,Sousse,Bureau,411,8188.099999999999,1.6561873479318718,19.922384428223843,4,12,41,288,41,82,2023,2026,0.09975669099756691,0.7007299270072993,0.09975669099756691,0.19951338199513383,19.922384428223843,1.0,0,Bureaux express nationaux standards
222,Tataouine,Bureau,810,11234.649999999992,1.3918802469135796,13.869938271604928,4,12,48,278,40,484,2023,2026,0.05925925925925926,0.3432098765432099,0.04938271604938271,0.5975308641975309,13.869938271604928,1.0,2,Bureaux colis normaux
223,Gabès,Bureau,2206,25471.400000000005,1.7028540797824105,11.546418857660926,4,12,104,414,102,1688,2023,2026,0.0471441523118767,0.18766999093381687,0.04623753399818677,0.7651858567543064,11.546418857660926,1.0,2,Bureaux colis normaux
224,Sousse,Bureau,6204,134731.65000000017,1.1396162959380998,21.71690038684722,4,12,1233,3534,1082,1437,2023,2026,0.19874274661508703,0.5696324951644101,0.17440361057382334,0.2316247582205029,21.71690038684722,1.0,0,Bureaux express nationaux standards
225,Monastir,Bureau,2038,73396.20000000003,2.603375858684985,36.01383709519138,4,12,170,1162,170,706,2023,2026,0.08341511285574092,0.5701668302257115,0.08341511285574092,0.3464180569185476,36.01383709519138,1.0,0,Bureaux express nationaux standards
226,Sfax,Bureau,562,21972.400000000005,3.388676156583626,39.09679715302492,4,12,33,214,31,315,2023,2026,0.05871886120996441,0.3807829181494662,0.05516014234875445,0.5604982206405694,39.09679715302492,1.0,2,Bureaux colis normaux
227,Médenine,Bureau,221,3010.1000000000004,2.334868778280543,13.620361990950228,4,12,16,96,15,109,2023,2026,0.07239819004524888,0.4343891402714932,0.06787330316742081,0.49321266968325794,13.620361990950228,1.0,2,Bureaux colis normaux
228,Monastir,Bureau,5419,146302.65000000005,2.075289536814899,26.99809005351542,3,12,544,3073,544,1802,2023,2025,0.10038752537368519,0.5670787968259826,0.10038752537368519,0.33253367780033216,26.99809005351542,1.0,0,Bureaux express nationaux standards
229,Sfax,Bureau,207,3253.4,0.8813719806763283,15.716908212560387,4,12,31,123,31,53,2023,2026,0.1497584541062802,0.5942028985507246,0.1497584541062802,0.2560386473429952,15.716908212560387,1.0,0,Bureaux express nationaux standards
230,Ariana,Bureau,42,3407.1000000000004,5.658952380952378,81.12142857142858,2,9,15,13,15,14,2023,2024,0.35714285714285715,0.30952380952380953,0.35714285714285715,0.3333333333333333,81.12142857142858,0.75,1,Bureaux internationaux premium
231,Kairouan,Bureau,460,4772.699999999999,3.5272978260869547,10.375434782608693,4,12,17,88,17,355,2023,2026,0.03695652173913044,0.19130434782608696,0.03695652173913044,0.7717391304347826,10.375434782608693,1.0,2,Bureaux colis normaux
232,Tataouine,Bureau,1492,61237.500000000015,1.9210247989276132,41.04390080428956,4,12,442,427,397,623,2023,2026,0.29624664879356566,0.28619302949061665,0.2660857908847185,0.4175603217158177,41.04390080428956,1.0,1,Bureaux internationaux premium
233,Sfax,Bureau,2109,30102.59999999999,0.9574490279753416,14.273399715504974,4,12,158,1500,152,451,2023,2026,0.07491702228544334,0.7112375533428165,0.07207207207207207,0.21384542437174017,14.273399715504974,1.0,0,Bureaux express nationaux standards
234,Ariana,Bureau,560,15120.800000000017,2.3641941071428554,27.0014285714286,4,12,48,68,44,444,2023,2026,0.08571428571428572,0.12142857142857143,0.07857142857142857,0.7928571428571428,27.0014285714286,1.0,2,Bureaux colis normaux
235,Sfax,Bureau,761,11937.500000000007,1.741843626806832,15.686596583442848,4,12,46,297,46,418,2023,2026,0.06044678055190539,0.3902759526938239,0.06044678055190539,0.5492772667542707,15.686596583442848,1.0,2,Bureaux colis normaux
236,Monastir,Bureau,703,23198.3,3.438546230440967,32.99900426742532,4,12,167,341,167,195,2023,2026,0.2375533428165007,0.4850640113798009,0.2375533428165007,0.2773826458036984,32.99900426742532,1.0,1,Bureaux internationaux premium
237,Sfax,Bureau,5536,103057.29999999992,1.8117048410405021,18.615841763005765,4,12,737,3123,275,1676,2023,2026,0.13312861271676302,0.5641257225433526,0.04967485549132948,0.3027456647398844,18.615841763005765,1.0,0,Bureaux express nationaux standards
238,Kasserine,Bureau,2601,37198.84999999999,1.3161549404075372,14.30174932718185,4,12,184,1820,164,597,2023,2026,0.07074202229911572,0.6997308727412533,0.06305267204921185,0.2295271049596309,14.30174932718185,1.0,0,Bureaux express nationaux standards
239,Tataouine,Bureau,917,18956.199999999997,2.352702290076332,20.671973827699016,4,12,71,544,71,302,2023,2026,0.07742639040348964,0.5932388222464559,0.07742639040348964,0.3293347873500545,20.671973827699016,1.0,0,Bureaux express nationaux standards
240,Tataouine,Bureau,1430,48771.75000000002,1.4133472727272731,34.106118881118896,4,12,430,739,428,261,2023,2026,0.3006993006993007,0.5167832167832168,0.2993006993006993,0.1825174825174825,34.106118881118896,1.0,1,Bureaux internationaux premium
241,Ariana,Bureau,3073,62516.99999999999,1.3470442564269418,20.34396355353075,4,12,339,1063,339,1671,2023,2026,0.11031565245688253,0.34591604295476736,0.11031565245688253,0.5437683045883501,20.34396355353075,1.0,0,Bureaux express nationaux standards
242,Kébili,Bureau,1219,17382.300000000105,7.107975389663657,14.259474979491472,4,12,97,115,83,1007,2023,2026,0.07957342083675144,0.09433962264150944,0.06808859721082855,0.8260869565217391,14.259474979491472,1.0,2,Bureaux colis normaux
243,Sfax,Bureau,501,10807.000000000004,3.257065868263468,21.57085828343314,4,12,16,126,15,359,2023,2026,0.031936127744510975,0.25149700598802394,0.029940119760479042,0.716566866267465,21.57085828343314,1.0,2,Bureaux colis normaux
244,Monastir,Bureau,518,6822.199999999998,1.1193069498069483,13.170270270270267,4,12,43,245,2,230,2023,2026,0.08301158301158301,0.47297297297297297,0.003861003861003861,0.444015444015444,13.170270270270267,1.0,0,Bureaux express nationaux standards
245,Médenine,Bureau,267,7871.1,1.704164794007489,29.479775280898878,4,12,62,88,58,117,2023,2026,0.23220973782771537,0.3295880149812734,0.21722846441947566,0.43820224719101125,29.479775280898878,1.0,1,Bureaux internationaux premium
246,Kasserine,Bureau,1893,21561.30000000003,2.3130285789751794,11.390015847860553,4,12,36,731,0,1126,2023,2026,0.01901743264659271,0.3861595351294242,0.0,0.5948230322239831,11.390015847860553,1.0,2,Bureaux colis normaux
247,Ariana,Bureau,2959,94662.85000000002,1.9648977695167307,31.991500506928023,4,12,438,701,429,1821,2023,2026,0.1480229807367354,0.2369043595809395,0.1449814126394052,0.6154106116931396,31.991500506928023,1.0,2,Bureaux colis normaux
248,Gafsa,Bureau,665,6433.149999999994,1.6093248120300732,9.673909774436082,4,12,22,349,15,294,2023,2026,0.03308270676691729,0.524812030075188,0.022556390977443608,0.4421052631578947,9.673909774436082,1.0,0,Bureaux express nationaux standards
249,Tataouine,Bureau,463,8162.700000000002,0.8580734341252688,17.63002159827214,4,12,57,219,57,187,2023,2026,0.12311015118790497,0.47300215982721383,0.12311015118790497,0.4038876889848812,17.63002159827214,1.0,0,Bureaux express nationaux standards
250,Sfax,Bureau,911,22676.649999999998,1.6423260153677168,24.892041712403948,4,12,101,566,97,244,2023,2026,0.11086717892425905,0.6212952799121844,0.10647639956092206,0.2678375411635565,24.892041712403948,1.0,0,Bureaux express nationaux standards
251,Kasserine,Bureau,240,1886.899999999999,2.673883333333335,7.862083333333329,4,12,12,79,12,149,2023,2026,0.05,0.32916666666666666,0.05,0.6208333333333333,7.862083333333329,1.0,2,Bureaux colis normaux
252,Sousse,Bureau,341,3181.549999999997,7.937164222873904,9.330058651026384,4,12,0,2,0,339,2023,2026,0.0,0.005865102639296188,0.0,0.9941348973607038,9.330058651026384,1.0,2,Bureaux colis normaux
253,Médenine,Bureau,893,8041.750000000011,1.748264277715563,9.005319148936183,4,12,29,155,22,709,2023,2026,0.032474804031354984,0.17357222844344905,0.02463605823068309,0.793952967525196,9.005319148936183,1.0,2,Bureaux colis normaux
254,Tataouine,Bureau,1609,49302.60000000001,2.004682411435678,30.64176507147297,4,12,285,923,278,401,2023,2026,0.17712865133623368,0.5736482287134866,0.17277812305779988,0.24922311995027968,30.64176507147297,1.0,1,Bureaux internationaux premium
255,Sfax,Bureau,2936,20850.300000000403,1.6357362397820199,7.101600817438829,4,12,69,1080,68,1787,2023,2026,0.023501362397820164,0.3678474114441417,0.02316076294277929,0.6086512261580381,7.101600817438829,1.0,2,Bureaux colis normaux
256,Monastir,Bureau,1685,34063.199999999975,1.5965323442136479,20.215548961424318,4,12,166,942,163,577,2023,2026,0.09851632047477744,0.5590504451038576,0.09673590504451039,0.342433234421365,20.215548961424318,1.0,0,Bureaux express nationaux standards
257,Sfax,Bureau,1411,8976.19999999998,0.7222551381998638,6.361587526576882,4,12,41,332,41,1038,2023,2026,0.029057406094968107,0.23529411764705882,0.029057406094968107,0.735648476257973,6.361587526576882,1.0,2,Bureaux colis normaux
258,Médenine,Bureau,2167,32149.699999999957,2.9048860175357625,14.836040609137036,4,12,231,607,231,1329,2023,2026,0.1065989847715736,0.28011075219197046,0.1065989847715736,0.613290263036456,14.836040609137036,1.0,2,Bureaux colis normaux
259,Gafsa,Bureau,350,9740.500000000002,3.0635771428571448,27.830000000000005,3,12,59,157,3,134,2023,2025,0.16857142857142857,0.44857142857142857,0.008571428571428572,0.38285714285714284,27.830000000000005,1.0,0,Bureaux express nationaux standards
260,Ariana,Bureau,38,347.9,1.112789473684211,9.155263157894737,4,11,1,8,1,29,2023,2026,0.02631578947368421,0.21052631578947367,0.02631578947368421,0.7631578947368421,9.155263157894737,0.9166666666666666,2,Bureaux colis normaux
261,Ariana,Bureau,1669,43397.50000000002,1.993198142600357,26.00209706411026,4,12,234,417,234,1018,2023,2026,0.140203714799281,0.24985020970641103,0.140203714799281,0.609946075494308,26.00209706411026,1.0,2,Bureaux colis normaux
262,Ariana,Bureau,877,30200.699999999983,2.0065883694412747,34.43637400228048,4,12,112,148,112,617,2023,2026,0.12770809578107184,0.16875712656784492,0.12770809578107184,0.7035347776510832,34.43637400228048,1.0,2,Bureaux colis normaux
263,Ariana,Bureau,1038,29458.59999999999,2.3540825626204227,28.38015414258188,4,12,40,252,35,747,2023,2026,0.038535645472061654,0.24277456647398843,0.03371868978805395,0.7196531791907514,28.38015414258188,1.0,2,Bureaux colis normaux
264,Kébili,Bureau,740,11418.100000000002,1.7557405405405409,15.429864864864868,4,12,68,558,66,114,2023,2026,0.0918918918918919,0.754054054054054,0.0891891891891892,0.15405405405405406,15.429864864864868,1.0,0,Bureaux express nationaux standards
265,Sousse,Bureau,7650,104480.79999999981,2.5226790849673084,13.657620915032656,4,12,635,5559,570,1456,2023,2026,0.08300653594771241,0.7266666666666667,0.07450980392156863,0.19032679738562092,13.657620915032656,1.0,0,Bureaux express nationaux standards
266,Sousse,Bureau,6634,55439.94999999975,5.296814923123298,8.3569415134157,4,12,84,3171,46,3379,2023,2026,0.012662044015676817,0.4779921615917998,0.006933976484775399,0.5093457943925234,8.3569415134157,1.0,2,Bureaux colis normaux
267,Tataouine,Bureau,476,7517.000000000001,0.8576932773109217,15.79201680672269,4,12,95,271,95,110,2023,2026,0.19957983193277312,0.569327731092437,0.19957983193277312,0.23109243697478993,15.79201680672269,1.0,0,Bureaux express nationaux standards
268,Ariana,Bureau,77,1693.8,1.8736623376623387,21.997402597402598,4,12,11,2,11,64,2023,2026,0.14285714285714285,0.025974025974025976,0.14285714285714285,0.8311688311688312,21.997402597402598,1.0,2,Bureaux colis normaux
269,Gabès,Bureau,415,3558.199999999998,1.016597590361446,8.573975903614453,4,12,22,275,22,118,2023,2026,0.05301204819277108,0.6626506024096386,0.05301204819277108,0.28433734939759037,8.573975903614453,1.0,0,Bureaux express nationaux standards
270,Sfax,Bureau,818,7696.000000000002,1.222426650366749,9.40831295843521,4,12,59,397,59,362,2023,2026,0.07212713936430318,0.48533007334963324,0.07212713936430318,0.44254278728606355,9.40831295843521,1.0,0,Bureaux express nationaux standards
271,Gabès,Bureau,155,1199.3999999999999,2.140903225806451,7.738064516129032,4,12,7,92,7,56,2023,2026,0.04516129032258064,0.5935483870967742,0.04516129032258064,0.36129032258064514,7.738064516129032,1.0,0,Bureaux express nationaux standards
272,Gabès,Bureau,1072,12146.250000000004,0.8756324626865655,11.330457089552242,4,12,102,577,102,393,2023,2026,0.09514925373134328,0.5382462686567164,0.09514925373134328,0.3666044776119403,11.330457089552242,1.0,0,Bureaux express nationaux standards
273,Monastir,Bureau,615,37611.5,5.00309268292684,61.15691056910569,4,12,198,187,151,230,2023,2026,0.32195121951219513,0.3040650406504065,0.24552845528455283,0.37398373983739835,61.15691056910569,1.0,1,Bureaux internationaux premium
274,Tunis,Bureau,8107,113123.39999999983,0.7447401504872397,13.953793018379159,4,12,563,6466,529,1078,2023,2026,0.06944615764154434,0.7975823362526212,0.06525225114098927,0.13297150610583447,13.953793018379159,1.0,0,Bureaux express nationaux standards
275,Sfax,Bureau,369,6734.850000000002,1.4497940379403786,18.25162601626017,4,12,44,196,44,129,2023,2026,0.11924119241192412,0.5311653116531165,0.11924119241192412,0.34959349593495936,18.25162601626017,1.0,0,Bureaux express nationaux standards
276,Gabès,Bureau,243,6446.0,1.3335604938271612,26.526748971193417,4,12,83,71,81,89,2023,2026,0.34156378600823045,0.29218106995884774,0.3333333333333333,0.3662551440329218,26.526748971193417,1.0,1,Bureaux internationaux premium
277,Sfax,Bureau,750,9107.149999999998,2.120022666666669,12.142866666666663,4,12,48,290,48,412,2023,2026,0.064,0.38666666666666666,0.064,0.5493333333333333,12.142866666666663,1.0,2,Bureaux colis normaux
278,Sfax,Bureau,489,6264.8,0.9326809815950904,12.811451942740288,4,12,25,386,25,78,2023,2026,0.05112474437627812,0.7893660531697342,0.05112474437627812,0.15950920245398773,12.811451942740288,1.0,0,Bureaux express nationaux standards
279,Tunis,Bureau,2967,41407.0,0.3841678463093934,13.955847657566565,4,12,174,2729,172,64,2023,2026,0.05864509605662285,0.9197842938995618,0.057971014492753624,0.021570610043815303,13.955847657566565,1.0,0,Bureaux express nationaux standards
280,Sfax,Bureau,1741,43385.150000000016,2.740789775990812,24.91967260195291,4,12,145,389,145,1207,2023,2026,0.0832854681217691,0.2234348075818495,0.0832854681217691,0.6932797242963814,24.91967260195291,1.0,2,Bureaux colis normaux
281,Gafsa,Bureau,507,12405.599999999999,2.8120927021696245,24.468639053254435,4,12,17,146,16,344,2023,2026,0.03353057199211045,0.2879684418145957,0.03155818540433925,0.6785009861932939,24.468639053254435,1.0,2,Bureaux colis normaux
282,Tunis,Bureau,125,5631.9,2.580528000000001,45.0552,4,12,22,38,14,65,2023,2026,0.176,0.304,0.112,0.52,45.0552,1.0,1,Bureaux internationaux premium
283,Ariana,Bureau,2126,62682.79999999998,1.966172248353714,29.483913452492935,4,12,217,876,216,1033,2023,2026,0.10206961429915334,0.4120413922859831,0.10159924741298212,0.4858889934148636,29.483913452492935,1.0,0,Bureaux express nationaux standards
284,Ariana,Bureau,2175,39697.49999999999,0.87621563218391,18.25172413793103,4,12,334,1231,333,610,2023,2026,0.15356321839080458,0.5659770114942528,0.15310344827586206,0.28045977011494255,18.25172413793103,1.0,0,Bureaux express nationaux standards
285,Sousse,Bureau,865,7677.999999999987,0.8418669364161838,8.876300578034668,4,12,13,111,13,741,2023,2026,0.015028901734104046,0.1283236994219653,0.015028901734104046,0.8566473988439306,8.876300578034668,1.0,2,Bureaux colis normaux
286,Sousse,Bureau,166,4405.5,0.5044819277108438,26.539156626506024,4,12,73,82,73,11,2023,2026,0.4397590361445783,0.4939759036144578,0.4397590361445783,0.06626506024096386,26.539156626506024,1.0,1,Bureaux internationaux premium
287,Tunis,Bureau,168,4223.55,1.9828511904761907,25.14017857142857,4,12,13,36,12,119,2023,2026,0.07738095238095238,0.21428571428571427,0.07142857142857142,0.7083333333333334,25.14017857142857,1.0,2,Bureaux colis normaux
288,Gabès,Bureau,2928,43902.59999999998,1.581123633879787,14.994057377049172,4,12,225,1770,221,933,2023,2026,0.07684426229508197,0.6045081967213115,0.07547814207650273,0.31864754098360654,14.994057377049172,1.0,0,Bureaux express nationaux standards
289,Kébili,Bureau,705,17728.5,2.3400127659574457,25.146808510638298,4,12,153,392,148,160,2023,2026,0.2170212765957447,0.5560283687943263,0.2099290780141844,0.22695035460992907,25.146808510638298,1.0,1,Bureaux internationaux premium
290,Gafsa,Bureau,748,4467.700000000002,1.5624839572192515,5.972860962566847,4,12,1,191,0,556,2023,2026,0.001336898395721925,0.2553475935828877,0.0,0.7433155080213903,5.972860962566847,1.0,2,Bureaux colis normaux
291,Monastir,Bureau,5110,41949.7,0.4162319765166328,8.209334637964774,4,12,363,4014,362,733,2023,2026,0.07103718199608611,0.785518590998043,0.07084148727984345,0.14344422700587084,8.209334637964774,1.0,0,Bureaux express nationaux standards
292,Tataouine,Bureau,601,17600.79999999999,2.6166356073211317,29.28585690515805,4,12,70,179,64,352,2023,2026,0.11647254575707154,0.2978369384359401,0.1064891846921797,0.5856905158069884,29.28585690515805,1.0,2,Bureaux colis normaux
293,Tataouine,Bureau,1319,18939.899999999998,3.722694465504177,14.359287338893099,4,12,63,903,52,353,2023,2026,0.047763457164518575,0.6846095526914329,0.039423805913570885,0.2676269901440485,14.359287338893099,1.0,0,Bureaux express nationaux standards
294,Sousse,Bureau,2035,25088.64999999999,3.2505548402948445,12.328574938574935,4,12,88,1196,87,751,2023,2026,0.043243243243243246,0.5877149877149878,0.04275184275184275,0.36904176904176905,12.328574938574935,1.0,0,Bureaux express nationaux standards
295,Kairouan,Bureau,3407,22732.2,0.6754244203111277,6.672204285294981,4,12,45,3102,45,260,2023,2026,0.013208100968594072,0.910478426768418,0.013208100968594072,0.07631347226298797,6.672204285294981,1.0,0,Bureaux express nationaux standards
296,Tunis,Bureau,518,12177.500000000005,2.2384710424710406,23.50868725868727,4,12,87,121,85,310,2023,2026,0.16795366795366795,0.2335907335907336,0.1640926640926641,0.5984555984555985,23.50868725868727,1.0,2,Bureaux colis normaux
297,Tunis,Bureau,2514,35531.04999999999,3.7176844868735155,14.133273667462207,4,12,269,888,254,1357,2023,2026,0.10700079554494829,0.3532219570405728,0.10103420843277645,0.539777247414479,14.133273667462207,1.0,2,Bureaux colis normaux
298,Sfax,Bureau,439,7591.800000000001,1.5534168564920252,17.29339407744875,4,12,37,205,35,197,2023,2026,0.08428246013667426,0.46697038724373574,0.07972665148063782,0.44874715261959,17.29339407744875,1.0,0,Bureaux express nationaux standards
299,Sfax,Bureau,1134,39610.400000000016,1.207984126984122,34.92980599647268,4,12,395,665,395,74,2023,2026,0.34832451499118167,0.5864197530864198,0.34832451499118167,0.06525573192239859,34.92980599647268,1.0,1,Bureaux internationaux premium
300,Monastir,Bureau,5316,51153.24999999998,0.35211591422121186,9.622507524454473,4,12,413,3755,413,1148,2023,2026,0.07768999247554552,0.7063581640331076,0.07768999247554552,0.21595184349134688,9.622507524454473,1.0,0,Bureaux express nationaux standards
301,Tunis,Bureau,1402,37315.300000000025,1.6313758915834502,26.61576319543511,4,12,205,225,204,972,2023,2026,0.14621968616262482,0.16048502139800286,0.14550641940085593,0.6932952924393724,26.61576319543511,1.0,2,Bureaux colis normaux
302,Gabès,Bureau,591,10765.600000000006,1.8500981387478916,18.215905245346878,4,12,60,408,58,123,2023,2026,0.10152284263959391,0.6903553299492385,0.09813874788494077,0.20812182741116753,18.215905245346878,1.0,0,Bureaux express nationaux standards
303,Médenine,Bureau,9497,250708.20000000042,1.4445076550489595,26.3986732652417,4,12,1853,5233,1813,2411,2023,2026,0.1951142466041908,0.551016110350637,0.1909023902284932,0.2538696430451722,26.3986732652417,1.0,0,Bureaux express nationaux standards
304,Tataouine,Bureau,8607,165905.6000000001,1.3842435459509899,19.275659347043117,4,12,1189,5810,1186,1608,2023,2026,0.13814337167421867,0.6750319507377716,0.13779481817125597,0.18682467758800975,19.275659347043117,1.0,0,Bureaux express nationaux standards
305,Monastir,Bureau,144,1223.8,0.9191666666666671,8.49861111111111,4,12,20,56,1,68,2023,2026,0.1388888888888889,0.3888888888888889,0.006944444444444444,0.4722222222222222,8.49861111111111,1.0,0,Bureaux express nationaux standards
306,Sfax,Bureau,2817,51937.5,0.9341720269790552,18.43716719914803,4,12,535,2033,535,249,2023,2026,0.18991835285765,0.7216897408590699,0.18991835285765,0.08839190628328009,18.43716719914803,1.0,0,Bureaux express nationaux standards
307,Sfax,Bureau,688,18349.05,1.54716715116279,26.670130813953488,4,12,117,283,117,288,2023,2026,0.17005813953488372,0.4113372093023256,0.17005813953488372,0.4186046511627907,26.670130813953488,1.0,1,Bureaux internationaux premium
308,Sousse,Bureau,891,28113.34999999999,2.940207631874301,31.552581369248028,4,12,118,408,118,365,2023,2026,0.1324354657687991,0.45791245791245794,0.1324354657687991,0.409652076318743,31.552581369248028,1.0,0,Bureaux express nationaux standards
309,Sousse,Bureau,3835,125031.35000000011,1.5533945241199452,32.60269882659716,4,12,632,2505,628,698,2023,2026,0.16479791395045632,0.6531942633637549,0.163754889178618,0.1820078226857888,32.60269882659716,1.0,0,Bureaux express nationaux standards
310,Tunis,Bureau,1316,25009.19999999999,1.2410410334346513,19.00395136778115,4,12,108,640,108,568,2023,2026,0.08206686930091185,0.48632218844984804,0.08206686930091185,0.4316109422492401,19.00395136778115,1.0,0,Bureaux express nationaux standards
311,Monastir,Bureau,15796,171794.8999999999,0.5984759116232016,10.87584831602937,4,12,1715,10501,1713,3580,2023,2026,0.10857179032666497,0.6647885540643201,0.10844517599392252,0.22663965560901495,10.87584831602937,1.0,0,Bureaux express nationaux standards
312,Kasserine,Bureau,736,17599.85,2.563672554347833,23.91283967391304,4,12,119,515,119,102,2023,2026,0.16168478260869565,0.6997282608695652,0.16168478260869565,0.13858695652173914,23.91283967391304,1.0,0,Bureaux express nationaux standards
313,Gabès,Bureau,7332,56617.94999999987,0.2884515821058309,7.722033551554811,4,12,221,6795,219,316,2023,2026,0.030141843971631204,0.926759410801964,0.029869067103109655,0.0430987452264048,7.722033551554811,1.0,0,Bureaux express nationaux standards
314,Monastir,Bureau,467,2731.8999999999983,2.4282826552462513,5.84989293361884,4,12,8,17,8,442,2023,2026,0.017130620985010708,0.03640256959314775,0.017130620985010708,0.9464668094218416,5.84989293361884,1.0,2,Bureaux colis normaux
315,Sousse,Bureau,51,1454.3000000000002,1.8217058823529408,28.515686274509807,4,12,12,11,8,28,2023,2026,0.23529411764705882,0.21568627450980393,0.1568627450980392,0.5490196078431373,28.515686274509807,1.0,1,Bureaux internationaux premium
316,Monastir,Bureau,2101,32916.59999999996,1.6018098524512159,15.667110899571615,4,12,224,627,224,1250,2023,2026,0.10661589719181343,0.29842931937172773,0.10661589719181343,0.5949547834364588,15.667110899571615,1.0,2,Bureaux colis normaux
317,Sfax,Bureau,1692,33606.7,0.8383439716312053,19.862115839243497,4,12,334,1282,334,76,2023,2026,0.19739952718676124,0.7576832151300237,0.19739952718676124,0.04491725768321513,19.862115839243497,1.0,0,Bureaux express nationaux standards
318,Ariana,Bureau,176,3639.9000000000005,2.326909090909091,20.681250000000002,4,12,3,17,1,156,2023,2026,0.017045454545454544,0.09659090909090909,0.005681818181818182,0.8863636363636364,20.681250000000002,1.0,2,Bureaux colis normaux
319,Sfax,Bureau,1248,11147.500000000005,2.2046298076923128,8.932291666666671,4,12,54,905,38,289,2023,2026,0.04326923076923077,0.7251602564102564,0.030448717948717948,0.23157051282051283,8.932291666666671,1.0,0,Bureaux express nationaux standards
320,Sousse,Bureau,364,2860.600000000001,1.5720906593406596,7.858791208791211,4,12,26,215,26,123,2023,2026,0.07142857142857142,0.5906593406593407,0.07142857142857142,0.33791208791208793,7.858791208791211,1.0,0,Bureaux express nationaux standards
321,Sfax,Bureau,349,4704.9,2.2908137535816584,13.481088825214899,4,12,27,210,14,112,2023,2026,0.07736389684813753,0.6017191977077364,0.04011461318051576,0.3209169054441261,13.481088825214899,1.0,0,Bureaux express nationaux standards
322,Sfax,Bureau,481,13282.900000000001,2.5041072765072703,27.61517671517672,4,12,46,230,46,205,2023,2026,0.09563409563409564,0.4781704781704782,0.09563409563409564,0.4261954261954262,27.61517671517672,1.0,0,Bureaux express nationaux standards
323,Tataouine,Bureau,6672,142451.39999999988,1.496812994604328,21.35062949640286,4,12,920,4458,911,1294,2023,2026,0.13788968824940048,0.6681654676258992,0.13654076738609114,0.19394484412470023,21.35062949640286,1.0,0,Bureaux express nationaux standards
324,Kasserine,Bureau,1520,16725.19999999999,1.1429210526315765,11.003421052631571,4,12,73,1000,73,447,2023,2026,0.04802631578947368,0.6578947368421053,0.04802631578947368,0.29407894736842105,11.003421052631571,1.0,0,Bureaux express nationaux standards
325,Sousse,Bureau,2173,33783.600000000035,3.94033106304649,15.546985734008299,4,12,155,1116,155,902,2023,2026,0.0713299585826047,0.5135757017947538,0.0713299585826047,0.41509433962264153,15.546985734008299,1.0,2,Bureaux colis normaux
326,Ariana,Bureau,2588,84079.10000000002,1.372282843894875,32.488060278207115,4,12,645,1563,645,380,2023,2026,0.24922720247295208,0.6039412673879444,0.24922720247295208,0.14683153013910355,32.488060278207115,1.0,1,Bureaux internationaux premium
327,Kairouan,Bureau,79,2322.9,5.9647721518987336,29.40379746835443,4,12,5,26,3,48,2023,2026,0.06329113924050633,0.3291139240506329,0.0379746835443038,0.6075949367088608,29.40379746835443,1.0,2,Bureaux colis normaux
328,Sfax,Bureau,1809,25749.900000000176,0.8114806522940835,14.234328358209053,4,12,0,0,0,1809,2023,2026,0.0,0.0,0.0,1.0,14.234328358209053,1.0,2,Bureaux colis normaux
329,Kasserine,Bureau,198,4945.400000000001,1.2936616161616155,24.97676767676768,4,12,25,139,17,34,2023,2026,0.12626262626262627,0.702020202020202,0.08585858585858586,0.1717171717171717,24.97676767676768,1.0,0,Bureaux express nationaux standards
330,Tunis,Bureau,2069,53208.65000000001,0.9605190913484769,25.717085548574193,4,12,426,1435,343,208,2023,2026,0.20589656839052684,0.6935717738037699,0.16578057032382792,0.10053165780570324,25.717085548574193,1.0,0,Bureaux express nationaux standards
331,Tataouine,Bureau,3282,36765.2,1.1297037781840331,11.202071907373552,4,12,152,472,149,2658,2023,2026,0.04631322364411944,0.14381474710542352,0.045399146861669716,0.8098720292504571,11.202071907373552,1.0,2,Bureaux colis normaux
332,Gafsa,Bureau,346,7495.0999999999985,1.9931089595375722,21.662138728323693,4,12,1,133,0,212,2023,2026,0.002890173410404624,0.38439306358381503,0.0,0.6127167630057804,21.662138728323693,1.0,2,Bureaux colis normaux
333,Sfax,Bureau,1662,28841.449999999983,1.5919981949458535,17.353459687123937,4,12,98,1093,98,471,2023,2026,0.05896510228640193,0.6576413959085439,0.05896510228640193,0.2833935018050541,17.353459687123937,1.0,0,Bureaux express nationaux standards
334,Sfax,Bureau,397,4378.800000000001,3.1653274559193902,11.02972292191436,4,12,26,170,15,201,2023,2026,0.0654911838790932,0.4282115869017632,0.037783375314861464,0.5062972292191436,11.02972292191436,1.0,2,Bureaux colis normaux
335,Sousse,Bureau,1012,22560.799999999996,1.971478260869558,22.29328063241106,4,12,130,655,129,227,2023,2026,0.12845849802371542,0.6472332015810277,0.1274703557312253,0.22430830039525693,22.29328063241106,1.0,0,Bureaux express nationaux standards
336,Ariana,Bureau,54,784.1499999999997,2.5700555555555558,14.521296296296292,4,12,2,6,1,46,2023,2026,0.037037037037037035,0.1111111111111111,0.018518518518518517,0.8518518518518519,14.521296296296292,1.0,2,Bureaux colis normaux
337,Kairouan,Bureau,87,429.90000000000003,3.5095977011494255,4.941379310344828,4,11,0,8,0,79,2023,2026,0.0,0.09195402298850575,0.0,0.9080459770114943,4.941379310344828,0.9166666666666666,2,Bureaux colis normaux
338,Ariana,Bureau,521,20986.30000000001,1.641307101727449,40.28080614203457,4,12,141,149,140,231,2023,2026,0.2706333973128599,0.28598848368522073,0.2687140115163148,0.44337811900191937,40.28080614203457,1.0,1,Bureaux internationaux premium
339,Kasserine,Bureau,1114,43991.70000000001,3.0095718132854565,39.48985637342909,4,12,108,566,98,440,2023,2026,0.09694793536804308,0.5080789946140036,0.08797127468581688,0.39497307001795334,39.48985637342909,1.0,0,Bureaux express nationaux standards
340,Monastir,Bureau,5321,179798.6000000008,1.9066417402743996,33.790377748543655,4,12,758,3590,756,973,2023,2026,0.14245442585980078,0.6746852095470777,0.14207855666228153,0.1828603645931216,33.790377748543655,1.0,0,Bureaux express nationaux standards
341,Tataouine,Bureau,458,6187.399999999991,1.2579279475982519,13.509606986899545,4,12,24,176,19,258,2023,2026,0.05240174672489083,0.38427947598253276,0.04148471615720524,0.5633187772925764,13.509606986899545,1.0,2,Bureaux colis normaux
342,Gabès,Bureau,1689,21064.399999999998,0.7653943161634057,12.471521610420366,4,12,154,1365,116,170,2023,2026,0.09117821195973949,0.8081705150976909,0.06867969212551805,0.10065127294256956,12.471521610420366,1.0,0,Bureaux express nationaux standards
343,Médenine,Bureau,716,21451.649999999998,2.2190642458100527,29.960405027932957,4,12,119,189,118,408,2023,2026,0.16620111731843576,0.2639664804469274,0.164804469273743,0.5698324022346368,29.960405027932957,1.0,1,Bureaux internationaux premium
344,Ariana,Bureau,957,39136.49999999998,2.010933124346914,40.894984326018786,4,12,233,589,177,135,2023,2026,0.24346917450365727,0.6154649947753396,0.18495297805642633,0.14106583072100312,40.894984326018786,1.0,1,Bureaux internationaux premium
345,Kasserine,Bureau,71,580.2,3.360535211267606,8.171830985915493,4,12,1,38,1,32,2023,2026,0.014084507042253521,0.5352112676056338,0.014084507042253521,0.4507042253521127,8.171830985915493,1.0,2,Bureaux colis normaux
346,Monastir,Bureau,1425,42399.450000000055,3.8640540350877153,29.75400000000004,4,12,144,507,144,774,2023,2026,0.10105263157894737,0.35578947368421054,0.10105263157894737,0.5431578947368421,29.75400000000004,1.0,2,Bureaux colis normaux
347,Sousse,Bureau,2624,40863.00000000001,0.5718258384146286,15.572789634146345,4,12,464,2033,462,129,2023,2026,0.17682926829268292,0.7747713414634146,0.1760670731707317,0.04916158536585366,15.572789634146345,1.0,0,Bureaux express nationaux standards
348,Kasserine,Bureau,704,5784.699999999987,2.1772393465909086,8.216903409090891,4,12,7,192,7,505,2023,2026,0.009943181818181818,0.2727272727272727,0.009943181818181818,0.7173295454545454,8.216903409090891,1.0,2,Bureaux colis normaux
349,Gafsa,Bureau,1298,14902.899999999983,3.6289160246533125,11.481432973805843,4,12,28,346,25,924,2023,2026,0.02157164869029276,0.2665639445300462,0.01926040061633282,0.711864406779661,11.481432973805843,1.0,2,Bureaux colis normaux
350,Gabès,Bureau,220,4784.2,2.672154545454545,21.746363636363636,4,12,10,83,10,127,2023,2026,0.045454545454545456,0.37727272727272726,0.045454545454545456,0.5772727272727273,21.746363636363636,1.0,2,Bureaux colis normaux
351,Monastir,Bureau,716,6827.799999999999,6.218093575419008,9.536033519553072,4,12,12,314,10,390,2023,2026,0.01675977653631285,0.43854748603351956,0.013966480446927373,0.5446927374301676,9.536033519553072,1.0,2,Bureaux colis normaux
352,Sousse,Bureau,1152,23090.5,0.6805659722222193,20.043836805555557,4,12,193,864,193,95,2023,2026,0.1675347222222222,0.75,0.1675347222222222,0.08246527777777778,20.043836805555557,1.0,0,Bureaux express nationaux standards
353,Sousse,Bureau,755,7565.5999999999985,4.571111258278145,10.020662251655628,4,12,16,198,10,541,2023,2026,0.02119205298013245,0.26225165562913905,0.013245033112582781,0.7165562913907285,10.020662251655628,1.0,2,Bureaux colis normaux
354,Gafsa,Bureau,326,4367.2,1.3855552147239234,13.396319018404908,3,12,48,190,48,88,2023,2025,0.147239263803681,0.5828220858895705,0.147239263803681,0.26993865030674846,13.396319018404908,1.0,0,Bureaux express nationaux standards
355,Tataouine,Bureau,1053,11336.999999999996,0.6511367521367519,10.766381766381762,4,12,55,867,54,131,2023,2026,0.052231718898385564,0.8233618233618234,0.05128205128205128,0.12440645773979107,10.766381766381762,1.0,0,Bureaux express nationaux standards
356,Monastir,Bureau,503,16411.800000000003,0.8828170974155077,32.62783300198808,4,12,182,279,181,42,2023,2026,0.36182902584493043,0.5546719681908548,0.35984095427435386,0.08349900596421471,32.62783300198808,1.0,1,Bureaux internationaux premium
357,Sfax,Bureau,902,25730.599999999984,1.8819767184035432,28.5261640798226,4,12,150,500,149,253,2023,2026,0.1662971175166297,0.5543237250554324,0.16518847006651885,0.2804878048780488,28.5261640798226,1.0,0,Bureaux express nationaux standards
358,Sousse,Bureau,1185,15187.349999999999,0.8004591561181433,12.81632911392405,4,12,121,906,121,158,2023,2026,0.1021097046413502,0.7645569620253164,0.1021097046413502,0.13333333333333333,12.81632911392405,1.0,0,Bureaux express nationaux standards
359,Tataouine,Bureau,1413,38361.60000000003,1.5220949752300044,27.14904458598728,4,12,260,482,260,671,2023,2026,0.18400566171266808,0.34111818825194623,0.18400566171266808,0.4748761500353857,27.14904458598728,1.0,1,Bureaux internationaux premium
360,Tunis,Bureau,84,2590.1,3.3522619047619044,30.83452380952381,4,12,0,0,0,84,2023,2026,0.0,0.0,0.0,1.0,30.83452380952381,1.0,2,Bureaux colis normaux
361,Kairouan,Bureau,186,1337.3,1.9733763440860195,7.189784946236559,4,12,2,132,1,52,2023,2026,0.010752688172043012,0.7096774193548387,0.005376344086021506,0.27956989247311825,7.189784946236559,1.0,0,Bureaux express nationaux standards
362,Kébili,Bureau,1042,6041.000000000003,0.8564499040307091,5.797504798464494,4,12,3,35,0,1004,2023,2026,0.0028790786948176585,0.03358925143953935,0.0,0.963531669865643,5.797504798464494,1.0,2,Bureaux colis normaux
363,Kébili,Bureau,421,12972.000000000002,2.4071377672209002,30.812351543943,4,12,95,262,95,64,2023,2026,0.22565320665083136,0.6223277909738717,0.22565320665083136,0.15201900237529692,30.812351543943,1.0,1,Bureaux internationaux premium
364,Médenine,Bureau,1662,10692.700000000004,0.7155988567990369,6.43363417569194,4,12,0,0,0,1662,2023,2026,0.0,0.0,0.0,1.0,6.43363417569194,1.0,2,Bureaux colis normaux
365,Sousse,Bureau,920,29163.39999999999,2.147805434782609,31.699347826086946,4,12,163,261,156,496,2023,2026,0.17717391304347826,0.28369565217391307,0.16956521739130434,0.5391304347826087,31.699347826086946,1.0,1,Bureaux internationaux premium
366,Sousse,Bureau,4935,73104.1999999999,4.307721864235046,14.813414387031386,4,12,484,1737,306,2714,2023,2026,0.09807497467071935,0.3519756838905775,0.06200607902735562,0.5499493414387031,14.813414387031386,1.0,2,Bureaux colis normaux
367,Sfax,Bureau,267,3380.1,1.3317415730337074,12.659550561797753,4,12,26,159,7,83,2023,2026,0.09737827715355805,0.5955056179775281,0.026217228464419477,0.31086142322097376,12.659550561797753,1.0,0,Bureaux express nationaux standards
368,Ariana,Bureau,476,10351.449999999999,1.3906836134453764,21.74674369747899,4,12,68,141,56,267,2023,2026,0.14285714285714285,0.296218487394958,0.11764705882352941,0.5609243697478992,21.74674369747899,1.0,2,Bureaux colis normaux
369,Sousse,Bureau,396,11227.5,2.617401515151514,28.352272727272727,4,12,41,183,35,172,2023,2026,0.10353535353535354,0.4621212121212121,0.08838383838383838,0.43434343434343436,28.352272727272727,1.0,0,Bureaux express nationaux standards
370,Sousse,Bureau,565,6325.400000000006,0.913541238938052,11.195398230088506,4,12,44,364,41,157,2023,2026,0.07787610619469026,0.6442477876106195,0.07256637168141593,0.2778761061946903,11.195398230088506,1.0,0,Bureaux express nationaux standards
371,Sfax,Bureau,1084,20427.499999999996,0.9370535055350545,18.84455719557195,4,12,183,788,179,113,2023,2026,0.1688191881918819,0.7269372693726938,0.16512915129151293,0.10424354243542436,18.84455719557195,1.0,0,Bureaux express nationaux standards
372,Kairouan,Bureau,383,4344.6,1.089783289817231,11.34360313315927,4,12,6,334,6,43,2023,2026,0.015665796344647518,0.8720626631853786,0.015665796344647518,0.1122715404699739,11.34360313315927,1.0,0,Bureaux express nationaux standards
373,Gabès,Bureau,54,349.75,2.8257592592592604,6.476851851851852,4,12,1,38,1,15,2023,2026,0.018518518518518517,0.7037037037037037,0.018518518518518517,0.2777777777777778,6.476851851851852,1.0,0,Bureaux express nationaux standards
374,Tunis,Bureau,236,8048.400000000001,2.348423728813559,34.103389830508476,4,12,21,14,21,201,2023,2026,0.08898305084745763,0.059322033898305086,0.08898305084745763,0.8516949152542372,34.103389830508476,1.0,2,Bureaux colis normaux
375,Gafsa,Bureau,608,5653.699999999998,2.8873207236842062,9.298848684210522,4,12,11,159,2,438,2023,2026,0.018092105263157895,0.26151315789473684,0.003289473684210526,0.7203947368421053,9.298848684210522,1.0,2,Bureaux colis normaux
376,Sfax,Bureau,55,715.5999999999999,1.0212181818181818,13.01090909090909,4,11,8,2,8,45,2023,2026,0.14545454545454545,0.03636363636363636,0.14545454545454545,0.8181818181818182,13.01090909090909,0.9166666666666666,2,Bureaux colis normaux
377,Sousse,Bureau,763,9802.75,0.8322099672345992,12.847640891218873,4,12,2,2,1,759,2023,2026,0.002621231979030144,0.002621231979030144,0.001310615989515072,0.9947575360419397,12.847640891218873,1.0,2,Bureaux colis normaux
378,Sousse,Bureau,641,22284.000000000004,1.773605304212167,34.764430577223095,4,12,158,334,153,149,2023,2026,0.24648985959438377,0.5210608424336973,0.23868954758190328,0.23244929797191888,34.764430577223095,1.0,1,Bureaux internationaux premium
379,Monastir,Bureau,83,4086.5,3.5230240963855417,49.234939759036145,4,12,11,16,4,56,2023,2026,0.13253012048192772,0.1927710843373494,0.04819277108433735,0.6746987951807228,49.234939759036145,1.0,2,Bureaux colis normaux
380,Gabès,Bureau,446,6802.9000000000015,1.3845313901345262,15.253139013452918,4,12,40,160,34,246,2023,2026,0.08968609865470852,0.35874439461883406,0.07623318385650224,0.5515695067264574,15.253139013452918,1.0,2,Bureaux colis normaux
381,Tunis,Bureau,2148,59363.49999999999,2.2738647579143363,27.63663873370577,4,12,366,771,364,1011,2023,2026,0.17039106145251395,0.35893854748603354,0.16945996275605213,0.47067039106145253,27.63663873370577,1.0,1,Bureaux internationaux premium
382,Tunis,Bureau,504,8277.400000000005,1.4001011904761913,16.423412698412708,4,12,0,0,0,504,2023,2026,0.0,0.0,0.0,1.0,16.423412698412708,1.0,2,Bureaux colis normaux
383,Tataouine,Bureau,491,16983.3,2.212704936334421,34.589205702647654,4,12,190,106,188,195,2023,2026,0.3869653767820774,0.2158859470468432,0.38289205702647655,0.3971486761710794,34.589205702647654,1.0,1,Bureaux internationaux premium
384,Tunis,Bureau,2062,68139.0000000001,4.050064985451006,33.04510184287105,4,12,195,387,195,1480,2023,2026,0.09456838021338507,0.18768186226964112,0.09456838021338507,0.7177497575169738,33.04510184287105,1.0,2,Bureaux colis normaux
385,Monastir,Bureau,1309,28175.700000000008,2.0149067990832705,21.52459893048129,4,12,159,690,159,460,2023,2026,0.12146676852559206,0.5271199388846448,0.12146676852559206,0.35141329258976317,21.52459893048129,1.0,0,Bureaux express nationaux standards
386,Sousse,Bureau,875,10860.6,0.4233062857142858,12.412114285714287,4,12,136,567,136,172,2023,2026,0.15542857142857142,0.648,0.15542857142857142,0.19657142857142856,12.412114285714287,1.0,0,Bureaux express nationaux standards
387,Sousse,Bureau,687,13291.100000000002,1.259093158660843,19.346579330422127,4,12,103,365,94,219,2023,2026,0.14992721979621543,0.5312954876273653,0.13682678311499272,0.31877729257641924,19.346579330422127,1.0,0,Bureaux express nationaux standards
388,Kairouan,Bureau,6865,94570.5500000001,2.478821922796795,13.775753823743642,4,12,280,3763,280,2822,2023,2026,0.04078659868900218,0.5481427530954115,0.04078659868900218,0.4110706482155863,13.775753823743642,1.0,0,Bureaux express nationaux standards
389,Médenine,Bureau,3247,47438.95000000003,1.5538219895287984,14.610086233446268,4,12,419,1697,419,1131,2023,2026,0.1290421927933477,0.5226362796427472,0.1290421927933477,0.34832152756390516,14.610086233446268,1.0,0,Bureaux express nationaux standards
390,Sousse,Bureau,4468,31453.150000000005,0.4146367502238141,7.039648612354522,4,12,144,2900,136,1428,2023,2026,0.03222918531781558,0.649059982094897,0.03043867502238138,0.3196060877350045,7.039648612354522,1.0,0,Bureaux express nationaux standards
391,Sousse,Bureau,1353,34031.19999999999,1.5648065040650356,25.152402069475233,4,12,232,608,232,513,2023,2026,0.1714708056171471,0.4493717664449372,0.1714708056171471,0.37915742793791574,25.152402069475233,1.0,0,Bureaux express nationaux standards
392,Tataouine,Bureau,273,3840.899999999999,2.1945457875457874,14.069230769230765,4,12,10,219,9,44,2023,2026,0.03663003663003663,0.8021978021978022,0.03296703296703297,0.16117216117216118,14.069230769230765,1.0,0,Bureaux express nationaux standards
393,Sousse,Bureau,628,10244.999999999998,1.498772292993631,16.31369426751592,4,12,78,294,77,256,2023,2026,0.12420382165605096,0.4681528662420382,0.12261146496815287,0.40764331210191085,16.31369426751592,1.0,0,Bureaux express nationaux standards
394,Sfax,Bureau,459,15915.9,2.8752069716775557,34.67516339869281,4,12,26,192,26,241,2023,2026,0.05664488017429194,0.41830065359477125,0.05664488017429194,0.5250544662309368,34.67516339869281,1.0,2,Bureaux colis normaux
395,Tataouine,Bureau,31,1732.8,2.1489354838709676,55.89677419354839,3,12,6,8,6,17,2023,2025,0.1935483870967742,0.25806451612903225,0.1935483870967742,0.5483870967741935,55.89677419354839,1.0,1,Bureaux internationaux premium
396,Gabès,Bureau,101,2853.7,4.009267326732672,28.254455445544554,4,12,23,36,11,42,2023,2026,0.22772277227722773,0.3564356435643564,0.10891089108910891,0.4158415841584158,28.254455445544554,1.0,1,Bureaux internationaux premium
397,Sfax,Bureau,13932,161420.14999999994,0.6083632141831822,11.586286965259829,4,12,1175,11045,1162,1712,2023,2026,0.08433821418317543,0.792779213321849,0.08340511053689348,0.1228825724949756,11.586286965259829,1.0,0,Bureaux express nationaux standards
398,Gafsa,Bureau,355,2422.75,5.030909859154929,6.824647887323944,4,12,4,79,0,272,2023,2026,0.011267605633802818,0.22253521126760564,0.0,0.7661971830985915,6.824647887323944,1.0,2,Bureaux colis normaux
399,Sousse,Bureau,1090,18590.200000000026,5.192332568807349,17.05522935779819,4,12,10,126,2,954,2023,2026,0.009174311926605505,0.11559633027522936,0.001834862385321101,0.8752293577981651,17.05522935779819,1.0,2,Bureaux colis normaux
400,Gafsa,Bureau,474,12157.4,2.487476793248945,25.648523206751054,4,12,91,245,0,138,2023,2026,0.19198312236286919,0.5168776371308017,0.0,0.2911392405063291,25.648523206751054,1.0,0,Bureaux express nationaux standards
401,Sousse,Bureau,291,3704.6,1.3388762886597936,12.730584192439862,4,12,27,205,27,59,2023,2026,0.09278350515463918,0.7044673539518901,0.09278350515463918,0.2027491408934708,12.730584192439862,1.0,0,Bureaux express nationaux standards
402,Kairouan,Bureau,2700,21921.099999999977,1.2404862962962748,8.118925925925918,4,12,27,1991,27,682,2023,2026,0.01,0.7374074074074074,0.01,0.2525925925925926,8.118925925925918,1.0,0,Bureaux express nationaux standards
403,Kasserine,Bureau,295,12204.85,3.183861016949152,41.372372881355936,4,12,31,205,11,59,2023,2026,0.10508474576271186,0.6949152542372882,0.03728813559322034,0.2,41.372372881355936,1.0,0,Bureaux express nationaux standards
404,Sfax,Bureau,85,1869.9,1.7327176470588233,21.998823529411766,4,12,9,35,6,41,2023,2026,0.10588235294117647,0.4117647058823529,0.07058823529411765,0.4823529411764706,21.998823529411766,1.0,0,Bureaux express nationaux standards
405,Médenine,Bureau,259,7817.800000000001,3.239586872586871,30.18455598455599,3,12,56,79,56,124,2023,2026,0.21621621621621623,0.305019305019305,0.21621621621621623,0.47876447876447875,30.18455598455599,1.0,1,Bureaux internationaux premium
406,Médenine,Bureau,315,6366.7,1.3147269841269835,20.21174603174603,4,12,71,187,65,57,2023,2026,0.2253968253968254,0.5936507936507937,0.20634920634920634,0.18095238095238095,20.21174603174603,1.0,1,Bureaux internationaux premium
407,Tataouine,Bureau,172,4264.700000000001,0.8722848837209303,24.79476744186047,4,12,79,89,79,4,2023,2026,0.45930232558139533,0.5174418604651163,0.45930232558139533,0.023255813953488372,24.79476744186047,1.0,1,Bureaux internationaux premium
408,Ariana,Bureau,1505,20898.949999999997,1.1532937541528234,13.886345514950165,4,12,125,189,119,1191,2023,2026,0.08305647840531562,0.12558139534883722,0.07906976744186046,0.7913621262458472,13.886345514950165,1.0,2,Bureaux colis normaux
409,Sousse,Bureau,2647,29931.900000000012,4.166038156403484,11.307857952398948,4,12,87,502,68,2058,2023,2026,0.03286739705326785,0.18964865885908574,0.02568945976577257,0.7774839440876464,11.307857952398948,1.0,2,Bureaux colis normaux
410,Kairouan,Bureau,62,835.4,3.130822580645163,13.474193548387097,4,12,5,53,4,4,2023,2026,0.08064516129032258,0.8548387096774194,0.06451612903225806,0.06451612903225806,13.474193548387097,1.0,0,Bureaux express nationaux standards
411,Sfax,Bureau,306,7936.600000000001,2.9144607843137242,25.936601307189548,4,12,48,99,48,159,2023,2026,0.1568627450980392,0.3235294117647059,0.1568627450980392,0.5196078431372549,25.936601307189548,1.0,2,Bureaux colis normaux
412,Médenine,Bureau,93,1581.3,0.37341935483870947,17.003225806451614,4,12,27,58,26,8,2023,2026,0.2903225806451613,0.6236559139784946,0.27956989247311825,0.08602150537634409,17.003225806451614,1.0,1,Bureaux internationaux premium
413,Gafsa,Bureau,1438,18107.20000000001,5.462093880389448,12.591933240611969,4,12,71,755,71,612,2023,2026,0.04937413073713491,0.5250347705146036,0.04937413073713491,0.42559109874826145,12.591933240611969,1.0,2,Bureaux colis normaux
414,Monastir,Bureau,858,20471.1,1.5379568764568736,23.859090909090906,4,12,131,467,118,260,2023,2026,0.15268065268065267,0.5442890442890443,0.13752913752913754,0.30303030303030304,23.859090909090906,1.0,0,Bureaux express nationaux standards
415,Tunis,Bureau,2709,84528.75000000012,2.700309671465487,31.20293466223703,4,12,735,1069,525,905,2023,2026,0.2713178294573643,0.39461055740125506,0.1937984496124031,0.33407161314138056,31.20293466223703,1.0,1,Bureaux internationaux premium
416,Tataouine,Bureau,2713,62001.90000000001,1.3585366752672332,22.853630667158132,4,12,358,1774,344,581,2023,2026,0.13195724290453373,0.6538886841135274,0.1267969037965352,0.2141540729819388,22.853630667158132,1.0,0,Bureaux express nationaux standards
417,Sousse,Bureau,269,4567.900000000003,2.0878921933085484,16.98104089219332,4,12,28,59,25,182,2023,2026,0.10408921933085502,0.21933085501858737,0.09293680297397769,0.6765799256505576,16.98104089219332,1.0,2,Bureaux colis normaux
418,Sfax,Bureau,1206,11695.4,3.3821683250414636,9.697678275290215,4,12,16,996,12,194,2023,2026,0.013266998341625208,0.8258706467661692,0.009950248756218905,0.16086235489220563,9.697678275290215,1.0,0,Bureaux express nationaux standards
419,Tataouine,Bureau,1571,41101.35000000001,1.6023360916613616,26.162539783577348,4,12,216,867,208,488,2023,2026,0.13749204328453216,0.5518777848504137,0.13239974538510502,0.3106301718650541,26.162539783577348,1.0,0,Bureaux express nationaux standards
420,Monastir,Bureau,344,6943.700000000001,1.5146017441860462,20.185174418604653,4,12,68,243,52,33,2023,2026,0.19767441860465115,0.7063953488372093,0.1511627906976744,0.09593023255813954,20.185174418604653,1.0,0,Bureaux express nationaux standards
421,Monastir,Bureau,1402,32406.299999999996,1.0187891543651941,23.11433666191155,4,12,329,751,329,322,2023,2026,0.2346647646219686,0.5356633380884451,0.2346647646219686,0.2296718972895863,23.11433666191155,1.0,1,Bureaux internationaux premium
422,Sfax,Bureau,1355,13908.400000000005,0.681994095940958,10.264501845018454,4,12,81,1121,79,153,2023,2026,0.05977859778597786,0.8273062730627306,0.05830258302583026,0.11291512915129151,10.264501845018454,1.0,0,Bureaux express nationaux standards
423,Tunis,Bureau,569,13690.999999999985,2.6309138840070294,24.061511423550062,4,12,90,168,57,311,2023,2026,0.15817223198594024,0.29525483304042177,0.10017574692442882,0.546572934973638,24.061511423550062,1.0,2,Bureaux colis normaux
424,Gafsa,Bureau,2376,49185.40000000001,1.5355913299663335,20.70092592592593,4,12,448,1296,443,632,2023,2026,0.18855218855218855,0.5454545454545454,0.18644781144781145,0.265993265993266,20.70092592592593,1.0,0,Bureaux express nationaux standards
425,Tataouine,Bureau,586,13271.6,1.4378327645051168,22.647781569965872,4,12,82,312,82,192,2023,2026,0.13993174061433447,0.5324232081911263,0.13993174061433447,0.32764505119453924,22.647781569965872,1.0,0,Bureaux express nationaux standards
426,Sfax,Bureau,1075,20252.899999999987,1.8081404651162787,18.839906976744174,4,12,52,664,52,359,2023,2026,0.04837209302325581,0.6176744186046511,0.04837209302325581,0.33395348837209304,18.839906976744174,1.0,0,Bureaux express nationaux standards
427,Gabès,Bureau,1655,40524.2,0.8109268882175237,24.485921450151057,4,12,512,910,512,233,2023,2026,0.3093655589123867,0.5498489425981873,0.3093655589123867,0.14078549848942598,24.485921450151057,1.0,1,Bureaux internationaux premium
428,Monastir,Bureau,31,951.5,3.2869032258064523,30.693548387096776,4,9,1,15,1,15,2023,2026,0.03225806451612903,0.4838709677419355,0.03225806451612903,0.4838709677419355,30.693548387096776,0.75,3,Grandes agences express saturées
429,Sfax,Bureau,286,2489.499999999999,0.5796153846153853,8.704545454545451,4,12,22,32,22,232,2023,2026,0.07692307692307693,0.11188811188811189,0.07692307692307693,0.8111888111888111,8.704545454545451,1.0,2,Bureaux colis normaux
430,Sfax,Bureau,767,16647.1,1.2261890482398912,21.70417209908735,4,12,186,413,186,168,2023,2026,0.242503259452412,0.5384615384615384,0.242503259452412,0.21903520208604954,21.70417209908735,1.0,1,Bureaux internationaux premium
431,Sousse,Bureau,294,7926.7,0.8004863945578236,26.96156462585034,4,12,71,207,71,16,2023,2026,0.24149659863945577,0.7040816326530612,0.24149659863945577,0.05442176870748299,26.96156462585034,1.0,1,Bureaux internationaux premium
432,Gafsa,Bureau,1147,11983.0,2.5982205754141194,10.447253705318222,4,12,0,561,0,586,2023,2026,0.0,0.4891020052310375,0.0,0.5108979947689625,10.447253705318222,1.0,2,Bureaux colis normaux
433,Gafsa,Bureau,402,2251.0,2.2186915422885565,5.599502487562189,4,12,0,146,0,256,2023,2026,0.0,0.36318407960199006,0.0,0.6368159203980099,5.599502487562189,1.0,2,Bureaux colis normaux
434,Monastir,Bureau,1854,28086.19999999984,2.939337108953611,15.148975188780929,4,12,82,591,55,1181,2023,2026,0.04422869471413161,0.3187702265372168,0.0296655879180151,0.6370010787486515,15.148975188780929,1.0,2,Bureaux colis normaux
435,Tunis,Bureau,418,11255.200000000003,1.2730071770334925,26.92631578947369,4,12,48,85,48,285,2023,2026,0.11483253588516747,0.20334928229665072,0.11483253588516747,0.6818181818181818,26.92631578947369,1.0,2,Bureaux colis normaux
436,Monastir,Bureau,566,4360.2,0.24893816254417006,7.703533568904593,4,12,31,510,31,25,2023,2026,0.054770318021201414,0.901060070671378,0.054770318021201414,0.044169611307420496,7.703533568904593,1.0,0,Bureaux express nationaux standards
437,Ariana,Bureau,108,1745.6999999999994,2.3315555555555556,16.163888888888884,4,12,0,0,0,108,2023,2026,0.0,0.0,0.0,1.0,16.163888888888884,1.0,2,Bureaux colis normaux
438,Sousse,Bureau,173,1498.4,0.3959595375722542,8.66127167630058,3,12,11,104,11,58,2023,2026,0.06358381502890173,0.6011560693641619,0.06358381502890173,0.3352601156069364,8.66127167630058,1.0,0,Bureaux express nationaux standards
439,Sousse,Bureau,633,14125.299999999987,1.3439573459715637,22.31484992101104,4,12,132,126,132,375,2023,2026,0.20853080568720378,0.1990521327014218,0.20853080568720378,0.5924170616113744,22.31484992101104,1.0,1,Bureaux internationaux premium
440,Tataouine,Bureau,987,16255.499999999995,1.4102093211752778,16.46960486322188,4,12,90,581,88,316,2023,2026,0.0911854103343465,0.5886524822695035,0.08915906788247213,0.32016210739615,16.46960486322188,1.0,0,Bureaux express nationaux standards
441,Gabès,Bureau,148,1916.9999999999998,1.1831824324324332,12.952702702702702,4,12,11,86,8,51,2023,2026,0.07432432432432433,0.581081081081081,0.05405405405405406,0.34459459459459457,12.952702702702702,1.0,0,Bureaux express nationaux standards
442,Sousse,Bureau,351,4527.750000000001,0.9114074074074069,12.899572649572653,4,12,75,192,69,84,2023,2026,0.21367521367521367,0.5470085470085471,0.19658119658119658,0.23931623931623933,12.899572649572653,1.0,0,Bureaux express nationaux standards
443,Sousse,Bureau,533,16561.6,1.606726078799243,31.072420262664163,4,12,138,316,124,79,2023,2026,0.2589118198874296,0.5928705440900562,0.2326454033771107,0.14821763602251406,31.072420262664163,1.0,1,Bureaux internationaux premium
444,Ariana,Bureau,1060,13646.4,0.9056981132075479,12.873962264150943,4,12,107,755,100,198,2023,2026,0.1009433962264151,0.7122641509433962,0.09433962264150944,0.18679245283018867,12.873962264150943,1.0,0,Bureaux express nationaux standards
445,Sousse,Bureau,1210,10142.300000000012,2.5426694214876036,8.38206611570249,4,12,18,926,15,266,2023,2026,0.01487603305785124,0.7652892561983471,0.012396694214876033,0.21983471074380165,8.38206611570249,1.0,0,Bureaux express nationaux standards
446,Tataouine,Bureau,342,9380.299999999997,1.4818654970760237,27.42777777777777,4,12,102,85,102,155,2023,2026,0.2982456140350877,0.24853801169590642,0.2982456140350877,0.45321637426900585,27.42777777777777,1.0,1,Bureaux internationaux premium
447,Tataouine,Bureau,173,4988.750000000001,3.6989364161849703,28.836705202312142,4,12,2,85,2,86,2023,2026,0.011560693641618497,0.4913294797687861,0.011560693641618497,0.49710982658959535,28.836705202312142,1.0,2,Bureaux colis normaux
449,Gabès,Bureau,2036,19245.399999999976,1.4008752455795712,9.452554027504899,4,12,111,420,111,1505,2023,2026,0.05451866404715128,0.206286836935167,0.05451866404715128,0.7391944990176817,9.452554027504899,1.0,2,Bureaux colis normaux
450,Sousse,Bureau,686,14004.35,1.6664416909620954,20.41450437317784,4,12,13,547,13,126,2023,2026,0.018950437317784258,0.7973760932944607,0.018950437317784258,0.1836734693877551,20.41450437317784,1.0,0,Bureaux express nationaux standards
451,Monastir,Bureau,1054,28622.7,1.643557874762808,27.156261859582543,4,12,215,373,215,466,2023,2026,0.20398481973434535,0.3538899430740038,0.20398481973434535,0.44212523719165087,27.156261859582543,1.0,1,Bureaux internationaux premium
452,Monastir,Bureau,2118,27492.19999999999,0.615340132200188,12.98026440037771,4,12,294,1171,293,653,2023,2026,0.1388101983002833,0.552880075542965,0.13833805476864966,0.3083097261567517,12.98026440037771,1.0,0,Bureaux express nationaux standards
453,Monastir,Bureau,2934,74352.39999999995,1.5070868098159522,25.341649625085193,4,12,589,1494,589,851,2023,2026,0.2007498295841854,0.50920245398773,0.2007498295841854,0.2900477164280845,25.341649625085193,1.0,1,Bureaux internationaux premium
454,Kasserine,Bureau,198,2791.5,1.945348484848485,14.098484848484848,4,12,3,38,1,157,2023,2026,0.015151515151515152,0.1919191919191919,0.005050505050505051,0.7929292929292929,14.098484848484848,1.0,2,Bureaux colis normaux
455,Kairouan,Bureau,278,3855.2999999999993,4.135726258992807,13.86798561151079,4,12,12,150,11,116,2023,2026,0.04316546762589928,0.539568345323741,0.039568345323741004,0.4172661870503597,13.86798561151079,1.0,2,Bureaux colis normaux
456,Sousse,Bureau,239,1111.8000000000015,0.2623790794979079,4.651882845188291,4,12,0,0,0,239,2023,2026,0.0,0.0,0.0,1.0,4.651882845188291,1.0,2,Bureaux colis normaux
457,Tunis,Bureau,174,8262.300000000003,4.3857586206896535,47.48448275862071,4,12,0,0,0,174,2023,2026,0.0,0.0,0.0,1.0,47.48448275862071,1.0,2,Bureaux colis normaux
458,Tunis,Bureau,1062,34034.39999999998,3.130746139359704,32.047457627118625,4,12,153,225,152,684,2023,2026,0.1440677966101695,0.211864406779661,0.1431261770244821,0.6440677966101694,32.047457627118625,1.0,2,Bureaux colis normaux
459,Kébili,Bureau,529,9661.700000000003,1.78935349716446,18.264083175803407,4,12,27,231,27,271,2023,2026,0.05103969754253308,0.43667296786389415,0.05103969754253308,0.5122873345935728,18.264083175803407,1.0,2,Bureaux colis normaux
460,Sousse,Bureau,583,9788.4,0.6859571183533433,16.789708404802745,4,12,115,437,115,31,2023,2026,0.19725557461406518,0.7495711835334476,0.19725557461406518,0.05317324185248713,16.789708404802745,1.0,0,Bureaux express nationaux standards
461,Tunis,Bureau,1617,148403.6,2.9602102659245526,91.77711811997527,4,12,1184,418,1176,15,2023,2026,0.7322201607915894,0.2585034013605442,0.7272727272727273,0.00927643784786642,91.77711811997527,1.0,1,Bureaux internationaux premium
462,Kébili,Bureau,1317,22265.399999999994,1.4904015945330333,16.906150341685645,4,12,98,791,98,428,2023,2026,0.07441154138192863,0.6006074411541382,0.07441154138192863,0.3249810174639332,16.906150341685645,1.0,0,Bureaux express nationaux standards
463,Tataouine,Bureau,1678,32511.55000000003,1.1899058402860565,19.375178784267,4,12,251,906,248,521,2023,2026,0.14958283671036948,0.5399284862932062,0.14779499404052443,0.3104886769964243,19.375178784267,1.0,0,Bureaux express nationaux standards
464,Tunis,Bureau,151,1224.1000000000001,0.6312384105960263,8.106622516556293,4,12,4,23,3,124,2023,2026,0.026490066225165563,0.152317880794702,0.019867549668874173,0.8211920529801324,8.106622516556293,1.0,2,Bureaux colis normaux
465,Kasserine,Bureau,60,2689.4,4.783383333333333,44.82333333333334,4,12,2,20,1,38,2023,2026,0.03333333333333333,0.3333333333333333,0.016666666666666666,0.6333333333333333,44.82333333333334,1.0,2,Bureaux colis normaux
466,Tunis,Bureau,78,1921.6499999999999,1.7448205128205132,24.63653846153846,4,12,7,43,7,28,2023,2026,0.08974358974358974,0.5512820512820513,0.08974358974358974,0.358974358974359,24.63653846153846,1.0,0,Bureaux express nationaux standards
467,Monastir,Bureau,10,677.6999999999999,4.702999999999999,67.77,3,5,0,2,0,8,2023,2025,0.0,0.2,0.0,0.8,67.77,0.4166666666666667,3,Grandes agences express saturées
468,Monastir,Bureau,1581,34593.79999999999,1.779067046173309,21.880961416824785,4,12,212,634,209,735,2023,2026,0.13409234661606578,0.4010120177103099,0.13219481340923467,0.4648956356736243,21.880961416824785,1.0,0,Bureaux express nationaux standards
469,Ariana,Bureau,26,154.09999999999997,2.365576923076923,5.926923076923075,3,10,0,1,0,25,2023,2025,0.0,0.038461538461538464,0.0,0.9615384615384616,5.926923076923075,0.8333333333333334,2,Bureaux colis normaux
470,Monastir,Bureau,107,1869.3999999999999,0.5460093457943924,17.471028037383178,4,12,29,61,29,17,2023,2026,0.27102803738317754,0.5700934579439252,0.27102803738317754,0.1588785046728972,17.471028037383178,1.0,1,Bureaux internationaux premium
472,Ariana,Bureau,200,4788.849999999999,1.9644500000000005,23.944249999999997,4,12,27,68,27,105,2023,2026,0.135,0.34,0.135,0.525,23.944249999999997,1.0,2,Bureaux colis normaux
473,Kasserine,Bureau,157,2176.2999999999997,2.943738853503184,13.861783439490445,4,12,9,97,3,51,2023,2026,0.05732484076433121,0.6178343949044586,0.01910828025477707,0.3248407643312102,13.861783439490445,1.0,0,Bureaux express nationaux standards
474,Sousse,Bureau,1022,29769.49999999999,1.9288238747553794,29.12866927592954,4,12,192,320,192,510,2023,2026,0.18786692759295498,0.3131115459882583,0.18786692759295498,0.49902152641878667,29.12866927592954,1.0,1,Bureaux internationaux premium
475,Médenine,Bureau,582,10409.000000000002,1.1177611683848807,17.884879725085913,4,12,97,411,97,74,2023,2026,0.16666666666666666,0.7061855670103093,0.16666666666666666,0.12714776632302405,17.884879725085913,1.0,0,Bureaux express nationaux standards
476,Kasserine,Bureau,161,1802.099999999998,2.983223602484472,11.193167701863342,4,12,1,22,1,138,2023,2026,0.006211180124223602,0.13664596273291926,0.006211180124223602,0.8571428571428571,11.193167701863342,1.0,2,Bureaux colis normaux
477,Sfax,Bureau,66,816.0,0.41868181818181854,12.363636363636363,3,8,8,57,8,1,2023,2025,0.12121212121212122,0.8636363636363636,0.12121212121212122,0.015151515151515152,12.363636363636363,0.6666666666666666,3,Grandes agences express saturées
478,Monastir,Bureau,164,4781.200000000001,1.9238475609756092,29.15365853658537,4,12,51,60,48,53,2023,2026,0.31097560975609756,0.36585365853658536,0.2926829268292683,0.3231707317073171,29.15365853658537,1.0,1,Bureaux internationaux premium
479,Monastir,Bureau,922,6495.0,0.4639696312364423,7.044468546637744,4,12,31,889,24,2,2023,2026,0.033622559652928416,0.9642082429501084,0.026030368763557483,0.0021691973969631237,7.044468546637744,1.0,0,Bureaux express nationaux standards
480,Kasserine,Bureau,228,1470.0,0.6969385964912281,6.447368421052632,4,12,0,0,0,228,2023,2026,0.0,0.0,0.0,1.0,6.447368421052632,1.0,2,Bureaux colis normaux
481,Tunis,Bureau,2663,73089.39999999997,1.514609049943675,27.446263612467128,4,12,516,1389,516,758,2023,2026,0.19376642883965453,0.5215921892602329,0.19376642883965453,0.2846413819001127,27.446263612467128,1.0,1,Bureaux internationaux premium
482,Tunis,Bureau,559,8397.7,0.10632737030411453,15.022719141323794,4,12,135,414,135,10,2023,2026,0.24150268336314848,0.740608228980322,0.24150268336314848,0.017889087656529516,15.022719141323794,1.0,0,Bureaux express nationaux standards
484,Monastir,Bureau,748,18068.499999999996,1.6605775401069507,24.1557486631016,4,12,106,410,88,232,2023,2026,0.14171122994652408,0.5481283422459893,0.11764705882352941,0.31016042780748665,24.1557486631016,1.0,0,Bureaux express nationaux standards
485,Tunis,Bureau,561,6139.8999999999905,1.0371426024955444,10.94456327985738,4,12,23,196,21,342,2023,2026,0.040998217468805706,0.3493761140819964,0.0374331550802139,0.6096256684491979,10.94456327985738,1.0,2,Bureaux colis normaux
486,Sousse,Bureau,323,13494.4,2.059689164086686,41.77832817337461,4,12,115,107,100,101,2023,2026,0.3560371517027864,0.33126934984520123,0.30959752321981426,0.3126934984520124,41.77832817337461,1.0,1,Bureaux internationaux premium
487,Monastir,Bureau,218,5533.8,1.1362935779816519,25.384403669724772,4,12,44,116,44,58,2023,2026,0.2018348623853211,0.5321100917431193,0.2018348623853211,0.26605504587155965,25.384403669724772,1.0,1,Bureaux internationaux premium
488,Sousse,Bureau,885,14369.750000000004,1.0018545762711857,16.237005649717517,4,12,103,339,103,443,2023,2026,0.11638418079096045,0.38305084745762713,0.11638418079096045,0.5005649717514125,16.237005649717517,1.0,0,Bureaux express nationaux standards
489,Ariana,Bureau,1665,63306.54999999992,3.1871099699699665,38.021951951951905,4,12,0,0,0,1665,2023,2026,0.0,0.0,0.0,1.0,38.021951951951905,1.0,2,Bureaux colis normaux
490,Gafsa,Bureau,23,474.3,2.4381739130434785,20.621739130434783,3,6,2,10,0,11,2023,2025,0.08695652173913043,0.43478260869565216,0.0,0.4782608695652174,20.621739130434783,0.5,3,Grandes agences express saturées
491,Tataouine,Bureau,6846,110809.50000000003,0.7972113643003305,16.18602103418055,4,12,821,5412,811,613,2023,2026,0.11992404323692667,0.7905346187554777,0.1184633362547473,0.08954133800759567,16.18602103418055,1.0,0,Bureaux express nationaux standards
492,Tunis,Bureau,169,3813.2999999999993,1.5322426035502965,22.563905325443784,3,11,27,87,27,55,2023,2026,0.15976331360946747,0.514792899408284,0.15976331360946747,0.3254437869822485,22.563905325443784,0.9166666666666666,0,Bureaux express nationaux standards
493,Gafsa,Bureau,1852,23879.600000000002,1.5209892008639305,12.893952483801296,4,12,42,1263,41,547,2023,2026,0.02267818574514039,0.6819654427645788,0.022138228941684664,0.29535637149028077,12.893952483801296,1.0,0,Bureaux express nationaux standards
494,Gafsa,Bureau,61,461.2999999999999,0.6197377049180327,7.5622950819672115,4,12,0,24,0,37,2023,2026,0.0,0.39344262295081966,0.0,0.6065573770491803,7.5622950819672115,1.0,2,Bureaux colis normaux
495,Médenine,Bureau,246,1245.1499999999999,2.0039756097560972,5.061585365853658,4,12,0,0,0,246,2023,2026,0.0,0.0,0.0,1.0,5.061585365853658,1.0,2,Bureaux colis normaux
496,Sousse,Bureau,2048,24492.100000000402,9.604269042968715,11.959033203125196,4,12,32,113,27,1903,2023,2026,0.015625,0.05517578125,0.01318359375,0.92919921875,11.959033203125196,1.0,2,Bureaux colis normaux
497,Sousse,Bureau,743,18604.899999999994,0.9451803499327053,25.040242261103625,4,12,144,501,142,98,2023,2026,0.19380888290713325,0.6742934051144011,0.1911170928667564,0.13189771197846567,25.040242261103625,1.0,0,Bureaux express nationaux standards
498,Gafsa,Bureau,1137,6415.899999999995,1.1393579595426575,5.642832014072115,4,12,0,0,0,1137,2023,2026,0.0,0.0,0.0,1.0,5.642832014072115,1.0,2,Bureaux colis normaux
499,Sousse,Bureau,8939,183518.75000000015,0.8078220046985208,20.53012081888356,4,12,1242,5196,1242,2501,2023,2026,0.13894171607562367,0.5812730730506768,0.13894171607562367,0.2797852108736995,20.53012081888356,1.0,0,Bureaux express nationaux standards
500,Sfax,Bureau,170,917.05,1.2643529411764707,5.3944117647058825,4,12,0,0,0,170,2023,2026,0.0,0.0,0.0,1.0,5.3944117647058825,1.0,2,Bureaux colis normaux
501,Ariana,Bureau,5089,41875.5,0.14470937315778926,8.228630379249362,4,12,352,4645,352,92,2023,2026,0.06916879544114757,0.9127529966594616,0.06916879544114757,0.018078207899390842,8.228630379249362,1.0,0,Bureaux express nationaux standards
502,Kairouan,Bureau,124,749.6999999999998,4.006104838709678,6.045967741935482,4,12,2,35,0,87,2023,2026,0.016129032258064516,0.28225806451612906,0.0,0.7016129032258065,6.045967741935482,1.0,2,Bureaux colis normaux
504,Tataouine,Bureau,326,13369.5,2.235371165644171,41.010736196319016,4,12,70,124,66,132,2023,2026,0.2147239263803681,0.3803680981595092,0.20245398773006135,0.4049079754601227,41.010736196319016,1.0,1,Bureaux internationaux premium
505,Ariana,Bureau,46,1360.6000000000001,2.4301086956521742,29.57826086956522,4,12,0,0,0,46,2023,2026,0.0,0.0,0.0,1.0,29.57826086956522,1.0,2,Bureaux colis normaux
506,Tataouine,Bureau,4503,75319.94999999985,0.6628077429884478,16.726615589606897,4,12,0,0,0,4503,2023,2026,0.0,0.0,0.0,1.0,16.726615589606897,1.0,2,Bureaux colis normaux
507,Sousse,Bureau,432,2240.100000000001,1.5252777777777766,5.185416666666669,4,12,0,0,0,432,2023,2026,0.0,0.0,0.0,1.0,5.185416666666669,1.0,2,Bureaux colis normaux
508,Sousse,Bureau,217,3944.4000000000005,0.7646359447004616,18.176958525345626,4,12,42,149,42,26,2023,2026,0.1935483870967742,0.6866359447004609,0.1935483870967742,0.11981566820276497,18.176958525345626,1.0,0,Bureaux express nationaux standards
509,Gabès,Bureau,61,356.0,0.21581967213114756,5.836065573770492,4,12,0,59,0,2,2023,2026,0.0,0.9672131147540983,0.0,0.03278688524590164,5.836065573770492,1.0,0,Bureaux express nationaux standards
510,Gafsa,Bureau,2641,25468.599999999995,0.990439000378647,9.643544112078756,4,12,121,1882,88,638,2023,2026,0.04581597879591064,0.7126088602801969,0.03332071185157137,0.24157516092389247,9.643544112078756,1.0,0,Bureaux express nationaux standards
511,Ariana,Bureau,456,5565.149999999996,1.2804342105263171,12.204276315789464,4,12,12,43,12,401,2023,2026,0.02631578947368421,0.09429824561403509,0.02631578947368421,0.8793859649122807,12.204276315789464,1.0,2,Bureaux colis normaux
512,Sousse,Bureau,11119,123596.75000000006,1.998985106574319,11.115815271157484,4,12,1038,7591,792,2491,2023,2026,0.09335371885960968,0.6827052792517313,0.0712294271067542,0.22403093803399587,11.115815271157484,1.0,0,Bureaux express nationaux standards
513,Tataouine,Bureau,373,4336.800000000002,2.938010723860591,11.626809651474536,4,12,9,45,3,319,2023,2026,0.024128686327077747,0.12064343163538874,0.00804289544235925,0.8552278820375335,11.626809651474536,1.0,2,Bureaux colis normaux
514,Gafsa,Bureau,178,1486.9,1.5082702247191002,8.353370786516855,4,12,1,34,1,143,2023,2026,0.0056179775280898875,0.19101123595505617,0.0056179775280898875,0.8033707865168539,8.353370786516855,1.0,2,Bureaux colis normaux
515,Tataouine,Bureau,112,3470.1000000000013,3.0001830357142873,30.983035714285727,4,12,12,30,7,70,2023,2026,0.10714285714285714,0.26785714285714285,0.0625,0.625,30.983035714285727,1.0,2,Bureaux colis normaux
516,Gafsa,Bureau,2139,32236.350000000275,1.8992281439925238,15.070757363253986,4,12,77,751,77,1311,2023,2026,0.035998129967274424,0.35109864422627396,0.035998129967274424,0.6129032258064516,15.070757363253986,1.0,2,Bureaux colis normaux
517,Monastir,Bureau,193,4592.900000000001,2.183922279792744,23.797409326424873,3,12,68,51,68,74,2024,2026,0.35233160621761656,0.26424870466321243,0.35233160621761656,0.38341968911917096,23.797409326424873,1.0,1,Bureaux internationaux premium
518,Ariana,Bureau,354,17196.550000000003,3.5909180790960464,48.57782485875707,3,12,0,0,0,354,2024,2026,0.0,0.0,0.0,1.0,48.57782485875707,1.0,2,Bureaux colis normaux
519,Sousse,Bureau,628,4188.05,6.374224522292991,6.668869426751592,3,12,4,51,1,573,2024,2026,0.006369426751592357,0.08121019108280254,0.0015923566878980893,0.9124203821656051,6.668869426751592,1.0,2,Bureaux colis normaux
520,Ariana,Bureau,2407,47092.69999999999,1.4722673867885316,19.564894058994597,2,12,190,322,189,1895,2024,2025,0.07893643539675946,0.13377648525135022,0.0785209804736186,0.7872870793518904,19.564894058994597,1.0,2,Bureaux colis normaux
521,Ariana,Bureau,3044,40436.999999999985,0.49517125492772723,13.28416557161629,3,12,390,1896,388,758,2024,2026,0.12812089356110382,0.6228646517739816,0.12746386333771353,0.2490144546649146,13.28416557161629,1.0,0,Bureaux express nationaux standards
522,Tataouine,Bureau,1707,16802.350000000053,0.7038869361452832,9.84320445225545,3,12,0,0,0,1707,2024,2026,0.0,0.0,0.0,1.0,9.84320445225545,1.0,2,Bureaux colis normaux
523,Ariana,Bureau,60,717.3,1.0788,11.955,3,12,2,19,1,39,2024,2026,0.03333333333333333,0.31666666666666665,0.016666666666666666,0.65,11.955,1.0,2,Bureaux colis normaux
524,Ariana,Bureau,1208,42988.099999999984,1.7975189569536425,35.58617549668873,3,12,244,657,244,307,2024,2026,0.20198675496688742,0.5438741721854304,0.20198675496688742,0.2541390728476821,35.58617549668873,1.0,1,Bureaux internationaux premium
525,Ariana,Bureau,5416,84668.14999999998,0.9390478212703127,15.632967134416539,3,12,580,3662,580,1174,2024,2026,0.10709010339734121,0.6761447562776958,0.10709010339734121,0.21676514032496308,15.632967134416539,1.0,0,Bureaux express nationaux standards
526,Ariana,Bureau,842,17482.499999999996,1.2882220902612826,20.763064133016623,3,12,58,547,58,237,2024,2026,0.0688836104513064,0.649643705463183,0.0688836104513064,0.2814726840855107,20.763064133016623,1.0,0,Bureaux express nationaux standards
527,Ariana,Bureau,885,32274.149999999987,1.79000451977401,36.4679661016949,3,12,233,245,229,407,2024,2026,0.2632768361581921,0.2768361581920904,0.25875706214689265,0.4598870056497175,36.4679661016949,1.0,1,Bureaux internationaux premium
528,Gabès,Bureau,1061,7557.3999999999805,0.545894721960415,7.122902921771895,3,12,0,0,0,1061,2024,2026,0.0,0.0,0.0,1.0,7.122902921771895,1.0,2,Bureaux colis normaux
529,Monastir,Bureau,153,3709.0000000000005,2.194627450980393,24.24183006535948,3,12,35,71,35,47,2024,2026,0.22875816993464052,0.46405228758169936,0.22875816993464052,0.30718954248366015,24.24183006535948,1.0,1,Bureaux internationaux premium
530,Tunis,Bureau,1544,41094.549999999996,1.294249999999998,26.61564119170984,3,12,313,668,311,563,2024,2026,0.202720207253886,0.4326424870466321,0.20142487046632124,0.3646373056994819,26.61564119170984,1.0,1,Bureaux internationaux premium
531,Tunis,Bureau,821,23897.5,1.1526552984165643,29.107795371498174,3,12,228,588,223,5,2024,2026,0.2777101096224117,0.7161997563946407,0.27161997563946405,0.0060901339829476245,29.107795371498174,1.0,1,Bureaux internationaux premium
532,Sousse,Bureau,279,3031.2,0.755336917562724,10.864516129032257,3,12,7,50,7,222,2024,2026,0.025089605734767026,0.17921146953405018,0.025089605734767026,0.7956989247311828,10.864516129032257,1.0,2,Bureaux colis normaux
533,Tunis,Bureau,271,2227.2000000000003,0.9365324723247234,8.218450184501846,3,12,0,0,0,271,2024,2026,0.0,0.0,0.0,1.0,8.218450184501846,1.0,2,Bureaux colis normaux
534,Gafsa,Bureau,4418,57091.80000000002,1.7285943866002738,12.922544137618836,3,12,304,2745,288,1369,2024,2026,0.06880941602535083,0.6213218650973291,0.06518786781349027,0.30986871887732004,12.922544137618836,1.0,0,Bureaux express nationaux standards
535,Kasserine,Bureau,511,3552.8999999999996,0.8921138943248531,6.9528375733855174,3,12,0,0,0,511,2024,2026,0.0,0.0,0.0,1.0,6.9528375733855174,1.0,2,Bureaux colis normaux
536,Kébili,Bureau,1483,30679.799999999992,1.9546893459204326,20.687660148347938,3,12,155,636,154,692,2024,2026,0.10451786918408631,0.42886041807147673,0.10384356035064059,0.466621712744437,20.687660148347938,1.0,0,Bureaux express nationaux standards
537,Sousse,Bureau,8873,78107.0999999992,0.22281555280062884,8.802783725909975,3,12,727,7228,727,918,2024,2026,0.08193395694804463,0.8146061084187987,0.08193395694804463,0.10345993463315677,8.802783725909975,1.0,0,Bureaux express nationaux standards
538,Ariana,Bureau,1205,6714.6499999999605,0.16667286307053863,5.572323651452249,3,12,1,0,0,1205,2024,2026,0.0008298755186721991,0.0,0.0,1.0,5.572323651452249,1.0,2,Bureaux colis normaux
539,Tunis,Bureau,271,2956.6999999999994,0.7690774907749077,10.91033210332103,3,12,2,0,0,269,2024,2026,0.007380073800738007,0.0,0.0,0.992619926199262,10.91033210332103,1.0,2,Bureaux colis normaux
540,Kébili,Bureau,1957,11749.100000000006,0.6398049054675511,6.003628002043948,3,12,0,0,0,1957,2024,2026,0.0,0.0,0.0,1.0,6.003628002043948,1.0,2,Bureaux colis normaux
541,Sousse,Bureau,6258,93198.80000000058,1.4243431541449991,14.89274528603397,3,12,613,1578,611,4067,2024,2026,0.09795461808884627,0.2521572387344199,0.09763502716522851,0.6498881431767338,14.89274528603397,1.0,2,Bureaux colis normaux
542,Médenine,Bureau,599,5383.350000000002,1.6456126878130193,8.98722871452421,3,12,26,301,0,272,2024,2026,0.04340567612687813,0.5025041736227045,0.0,0.4540901502504174,8.98722871452421,1.0,0,Bureaux express nationaux standards
543,Sousse,Bureau,1779,33928.2,0.4935081506464296,19.07150084317032,3,12,467,1220,464,92,2024,2026,0.2625070264193367,0.685778527262507,0.26082068577852724,0.05171444631815627,19.07150084317032,1.0,1,Bureaux internationaux premium
544,Tunis,Bureau,1131,15628.449999999997,0.9405366047745355,13.818258178603003,3,12,116,571,103,444,2024,2026,0.10256410256410256,0.5048629531388152,0.09106984969053934,0.3925729442970822,13.818258178603003,1.0,0,Bureaux express nationaux standards
545,Ariana,Bureau,272,4813.400000000001,0.7797573529411762,17.696323529411767,3,12,35,127,33,110,2024,2026,0.12867647058823528,0.46691176470588236,0.1213235294117647,0.40441176470588236,17.696323529411767,1.0,0,Bureaux express nationaux standards
546,Monastir,Bureau,928,10710.449999999999,1.8351233836206868,11.541433189655171,3,12,39,339,34,550,2024,2026,0.04202586206896552,0.36530172413793105,0.036637931034482756,0.5926724137931034,11.541433189655171,1.0,2,Bureaux colis normaux
547,Sousse,Bureau,2560,79457.40000000005,1.4772117187499973,31.03804687500002,3,12,757,1115,739,689,2024,2026,0.295703125,0.435546875,0.288671875,0.269140625,31.03804687500002,1.0,1,Bureaux internationaux premium
548,Ariana,Bureau,99,3670.0000000000014,2.870020202020203,37.07070707070709,3,12,2,0,1,97,2024,2026,0.020202020202020204,0.0,0.010101010101010102,0.9797979797979798,37.07070707070709,1.0,2,Bureaux colis normaux
549,Kairouan,Bureau,131,774.1500000000001,0.9731984732824434,5.909541984732825,3,11,0,0,0,131,2024,2026,0.0,0.0,0.0,1.0,5.909541984732825,0.9166666666666666,2,Bureaux colis normaux
550,Monastir,Bureau,1818,43413.2,0.9529988998899886,23.87964796479648,3,12,324,1464,324,30,2024,2026,0.1782178217821782,0.8052805280528053,0.1782178217821782,0.0165016501650165,23.87964796479648,1.0,0,Bureaux express nationaux standards
551,Tataouine,Bureau,842,9083.849999999997,2.6061602005806295,10.78842042755344,3,12,42,138,41,662,2024,2026,0.0498812351543943,0.16389548693586697,0.048693586698337295,0.7862232779097387,10.78842042755344,1.0,2,Bureaux colis normaux
552,Monastir,Bureau,2593,61092.74999999997,1.6889698418819872,23.560644041650587,3,12,473,1310,404,810,2024,2026,0.18241419205553414,0.5052063247204011,0.15580408792903971,0.3123794832240648,23.560644041650587,1.0,0,Bureaux express nationaux standards
553,Gabès,Bureau,516,11410.199999999995,4.674063953488368,22.11279069767441,3,12,56,238,56,222,2024,2026,0.10852713178294573,0.46124031007751937,0.10852713178294573,0.43023255813953487,22.11279069767441,1.0,2,Bureaux colis normaux
554,Gafsa,Bureau,607,3957.3000000000015,1.1700955518945646,6.519439868204286,3,12,14,344,3,249,2024,2026,0.023064250411861616,0.5667215815485996,0.004942339373970346,0.4102141680395387,6.519439868204286,1.0,0,Bureaux express nationaux standards
555,Monastir,Bureau,830,13027.15,0.9684118072289142,15.695361445783131,3,12,111,550,91,169,2024,2026,0.13373493975903614,0.6626506024096386,0.10963855421686747,0.2036144578313253,15.695361445783131,1.0,0,Bureaux express nationaux standards
556,Kasserine,Bureau,117,1172.0,0.48928205128205116,10.017094017094017,3,12,9,90,9,18,2024,2026,0.07692307692307693,0.7692307692307693,0.07692307692307693,0.15384615384615385,10.017094017094017,1.0,0,Bureaux express nationaux standards
557,Ariana,Bureau,735,14501.7,1.177746938775511,19.730204081632653,3,12,132,200,131,403,2024,2026,0.17959183673469387,0.272108843537415,0.1782312925170068,0.5482993197278911,19.730204081632653,1.0,0,Bureaux express nationaux standards
558,Tataouine,Bureau,120,3812.400000000001,3.5905416666666667,31.770000000000007,3,12,15,57,0,48,2024,2026,0.125,0.475,0.0,0.4,31.770000000000007,1.0,2,Bureaux colis normaux
559,Tataouine,Bureau,666,12603.799999999994,0.8980375375375387,18.924624624624617,3,12,134,360,132,172,2024,2026,0.2012012012012012,0.5405405405405406,0.1981981981981982,0.25825825825825827,18.924624624624617,1.0,0,Bureaux express nationaux standards
560,Tataouine,Bureau,997,28336.549999999992,1.9779849548645927,28.42181544633901,3,12,247,356,223,394,2024,2026,0.2477432296890672,0.35707121364092276,0.22367101303911735,0.39518555667001004,28.42181544633901,1.0,1,Bureaux internationaux premium
561,Kébili,Bureau,54,627.8000000000001,0.934574074074074,11.625925925925927,3,12,7,29,6,18,2024,2026,0.12962962962962962,0.5370370370370371,0.1111111111111111,0.3333333333333333,11.625925925925927,1.0,0,Bureaux express nationaux standards
562,Tataouine,Bureau,768,11492.000000000002,0.4926458333333321,14.96354166666667,3,12,122,564,121,82,2024,2026,0.15885416666666666,0.734375,0.15755208333333334,0.10677083333333333,14.96354166666667,1.0,0,Bureaux express nationaux standards
563,Kasserine,Bureau,369,2081.5,0.7201517615176148,5.6409214092140925,3,12,1,41,0,327,2024,2026,0.0027100271002710027,0.1111111111111111,0.0,0.8861788617886179,5.6409214092140925,1.0,2,Bureaux colis normaux
564,Ariana,Bureau,269,2148.7,0.7610892193308545,7.987732342007434,3,12,0,0,0,269,2024,2026,0.0,0.0,0.0,1.0,7.987732342007434,1.0,2,Bureaux colis normaux
565,Tataouine,Bureau,388,2214.7,1.2046185567010301,5.707989690721649,3,12,0,342,0,46,2024,2026,0.0,0.8814432989690721,0.0,0.11855670103092783,5.707989690721649,1.0,0,Bureaux express nationaux standards
567,Sousse,Bureau,1526,29550.90000000003,0.9233053735255542,19.36494102228049,3,12,262,760,201,504,2024,2026,0.17169069462647443,0.4980340760157274,0.13171690694626476,0.3302752293577982,19.36494102228049,1.0,0,Bureaux express nationaux standards
568,Tataouine,Bureau,4009,64893.54999999989,1.8331165627338537,16.18696682464452,3,12,530,1753,527,1726,2024,2026,0.1322025442753804,0.43726615115989026,0.1314542279870292,0.4305313045647294,16.18696682464452,1.0,0,Bureaux express nationaux standards
569,Kasserine,Bureau,1481,38587.399999999994,1.0862207967589437,26.05496286293045,3,12,277,976,270,228,2024,2026,0.18703578663065495,0.6590141796083727,0.18230925050641458,0.15395003376097233,26.05496286293045,1.0,0,Bureaux express nationaux standards
570,Monastir,Bureau,41,405.0,0.9879512195121951,9.878048780487806,3,10,2,7,2,32,2024,2026,0.04878048780487805,0.17073170731707318,0.04878048780487805,0.7804878048780488,9.878048780487806,0.8333333333333334,2,Bureaux colis normaux
571,Gafsa,Bureau,83,596.5,1.0190843373493979,7.186746987951807,3,11,0,3,0,80,2024,2026,0.0,0.03614457831325301,0.0,0.963855421686747,7.186746987951807,0.9166666666666666,2,Bureaux colis normaux
572,Monastir,Bureau,2042,45207.699999999924,1.1871617531831509,22.138932419196827,2,12,270,1343,270,429,2024,2025,0.13222331047992164,0.6576885406464251,0.13222331047992164,0.2100881488736533,22.138932419196827,1.0,0,Bureaux express nationaux standards
573,Monastir,Bureau,903,8804.5,0.5784312292358804,9.750276854928018,3,12,128,351,74,424,2024,2026,0.14174972314507198,0.38870431893687707,0.08194905869324474,0.4695459579180509,9.750276854928018,1.0,0,Bureaux express nationaux standards
574,Monastir,Bureau,141,817.0,0.5401631205673759,5.794326241134752,3,12,1,60,1,80,2024,2026,0.0070921985815602835,0.425531914893617,0.0070921985815602835,0.5673758865248227,5.794326241134752,1.0,0,Bureaux express nationaux standards
575,Ariana,Bureau,422,8126.400000000001,1.6985165876777264,19.256872037914693,3,12,14,63,14,345,2024,2026,0.03317535545023697,0.14928909952606634,0.03317535545023697,0.8175355450236966,19.256872037914693,1.0,2,Bureaux colis normaux
576,Tataouine,Bureau,604,7587.799999999999,0.639278145695364,12.562582781456953,3,12,71,423,69,110,2024,2026,0.11754966887417219,0.7003311258278145,0.11423841059602649,0.18211920529801323,12.562582781456953,1.0,0,Bureaux express nationaux standards
577,Ariana,Bureau,156,1008.8999999999996,1.8168589743589747,6.46730769230769,3,12,1,58,0,97,2024,2026,0.00641025641025641,0.3717948717948718,0.0,0.6217948717948718,6.46730769230769,1.0,2,Bureaux colis normaux
578,Kasserine,Bureau,47,247.90000000000003,2.1575531914893613,5.274468085106384,3,11,0,1,0,46,2024,2026,0.0,0.02127659574468085,0.0,0.9787234042553191,5.274468085106384,0.9166666666666666,2,Bureaux colis normaux
579,Kasserine,Bureau,672,8394.400000000001,0.5356547619047612,12.491666666666669,3,12,89,531,89,52,2024,2026,0.1324404761904762,0.7901785714285714,0.1324404761904762,0.07738095238095238,12.491666666666669,1.0,0,Bureaux express nationaux standards
580,Gabès,Bureau,952,12463.2,1.2630133403361332,13.091596638655464,3,12,57,607,57,288,2024,2026,0.059873949579831935,0.6376050420168067,0.059873949579831935,0.3025210084033613,13.091596638655464,1.0,0,Bureaux express nationaux standards
581,Sfax,Bureau,702,11501.7,0.9419501424501411,16.384188034188035,3,12,34,404,33,264,2024,2026,0.04843304843304843,0.5754985754985755,0.04700854700854701,0.37606837606837606,16.384188034188035,1.0,0,Bureaux express nationaux standards
582,Tataouine,Bureau,571,13454.450000000012,1.6211506129597182,23.562959719789863,3,12,146,201,123,224,2024,2026,0.25569176882662,0.3520140105078809,0.21541155866900175,0.3922942206654991,23.562959719789863,1.0,1,Bureaux internationaux premium
583,Tunis,Bureau,806,17478.749999999996,1.2503722084367226,21.68579404466501,3,12,135,559,131,112,2024,2026,0.1674937965260546,0.6935483870967742,0.16253101736972705,0.13895781637717122,21.68579404466501,1.0,0,Bureaux express nationaux standards
585,Kairouan,Bureau,64,354.0,0.4765468749999998,5.53125,3,9,0,56,0,8,2024,2026,0.0,0.875,0.0,0.125,5.53125,0.75,3,Grandes agences express saturées
586,Gabès,Bureau,667,14590.1,1.9829265367316327,21.874212893553224,3,12,94,260,94,313,2024,2026,0.1409295352323838,0.38980509745127434,0.1409295352323838,0.46926536731634183,21.874212893553224,1.0,0,Bureaux express nationaux standards
587,Kasserine,Bureau,1054,25947.7,2.3601518026565453,24.61831119544592,3,12,67,577,56,411,2024,2026,0.0635673624288425,0.547438330170778,0.05313092979127135,0.3899430740037951,24.61831119544592,1.0,0,Bureaux express nationaux standards
588,Sfax,Bureau,1429,14063.20000000008,0.5336563331000688,9.841287613715942,3,12,67,165,67,1197,2024,2026,0.04688593421973408,0.11546536039188243,0.04688593421973408,0.8376487053883834,9.841287613715942,1.0,2,Bureaux colis normaux
589,Tunis,Bureau,481,11732.199999999997,2.889889812889814,24.391268191268185,3,12,0,0,0,481,2024,2026,0.0,0.0,0.0,1.0,24.391268191268185,1.0,2,Bureaux colis normaux
590,Médenine,Bureau,103,596.6999999999999,0.35641747572815524,5.793203883495145,3,12,0,2,0,101,2024,2026,0.0,0.019417475728155338,0.0,0.9805825242718447,5.793203883495145,1.0,2,Bureaux colis normaux
591,Sousse,Bureau,720,27984.9,1.477066666666675,38.867916666666666,3,12,155,560,150,5,2024,2026,0.2152777777777778,0.7777777777777778,0.20833333333333334,0.006944444444444444,38.867916666666666,1.0,1,Bureaux internationaux premium
592,Ariana,Bureau,214,5519.65,2.331361682242989,25.79275700934579,2,12,0,0,0,214,2024,2025,0.0,0.0,0.0,1.0,25.79275700934579,1.0,2,Bureaux colis normaux
593,Tunis,Bureau,31,161.3,0.7316774193548388,5.203225806451614,2,9,0,13,0,18,2024,2025,0.0,0.41935483870967744,0.0,0.5806451612903226,5.203225806451614,0.75,3,Grandes agences express saturées
594,Gabès,Bureau,1429,20995.699999999983,1.3256948915325388,14.692582225332387,3,12,109,1088,107,232,2024,2026,0.07627711686494051,0.761371588523443,0.0748775367389783,0.16235129461161651,14.692582225332387,1.0,0,Bureaux express nationaux standards
596,Tataouine,Bureau,228,3453.0000000000005,1.6077280701754384,15.144736842105265,3,12,12,183,12,33,2024,2026,0.05263157894736842,0.8026315789473685,0.05263157894736842,0.14473684210526316,15.144736842105265,1.0,0,Bureaux express nationaux standards
597,Tunis,Bureau,32,193.2,0.7646562499999997,6.0375,3,9,0,1,0,31,2024,2026,0.0,0.03125,0.0,0.96875,6.0375,0.75,2,Bureaux colis normaux
598,Tunis,Bureau,107,576.5000000000001,2.6363457943925246,5.387850467289721,3,9,0,0,0,107,2024,2026,0.0,0.0,0.0,1.0,5.387850467289721,0.75,2,Bureaux colis normaux
599,Sousse,Bureau,382,4139.1,0.4734581151832473,10.835340314136127,3,12,79,220,10,83,2024,2026,0.20680628272251309,0.5759162303664922,0.02617801047120419,0.21727748691099477,10.835340314136127,1.0,0,Bureaux express nationaux standards
600,Tataouine,Bureau,164,930.9000000000002,1.5317560975609754,5.676219512195123,3,12,1,15,1,148,2024,2026,0.006097560975609756,0.09146341463414634,0.006097560975609756,0.9024390243902439,5.676219512195123,1.0,2,Bureaux colis normaux
601,Tunis,Bureau,75,450.1,0.5933333333333334,6.001333333333334,2,12,0,0,0,75,2024,2025,0.0,0.0,0.0,1.0,6.001333333333334,1.0,2,Bureaux colis normaux
602,Tunis,Bureau,114,2607.6000000000013,3.180166666666666,22.873684210526328,3,12,9,21,7,84,2024,2026,0.07894736842105263,0.18421052631578946,0.06140350877192982,0.7368421052631579,22.873684210526328,1.0,2,Bureaux colis normaux
603,Tataouine,Bureau,16,115.9,0.882625,7.24375,3,8,0,2,0,14,2024,2026,0.0,0.125,0.0,0.875,7.24375,0.6666666666666666,3,Grandes agences express saturées
604,Gafsa,Bureau,311,3702.0,1.3550192926044995,11.903536977491962,3,12,17,282,5,12,2024,2026,0.05466237942122187,0.9067524115755627,0.01607717041800643,0.03858520900321544,11.903536977491962,1.0,0,Bureaux express nationaux standards
605,Monastir,Bureau,79,2698.6000000000004,0.48189873417721485,34.15949367088608,3,12,58,13,58,8,2024,2026,0.7341772151898734,0.16455696202531644,0.7341772151898734,0.10126582278481013,34.15949367088608,1.0,1,Bureaux internationaux premium
606,Kasserine,Bureau,333,2993.999999999999,1.1574924924924934,8.990990990990989,3,12,3,282,0,48,2024,2026,0.009009009009009009,0.8468468468468469,0.0,0.14414414414414414,8.990990990990989,1.0,0,Bureaux express nationaux standards
607,Gabès,Bureau,378,4938.100000000002,2.2672222222222196,13.06375661375662,3,12,16,148,7,214,2024,2026,0.042328042328042326,0.3915343915343915,0.018518518518518517,0.5661375661375662,13.06375661375662,1.0,2,Bureaux colis normaux
608,Gabès,Bureau,933,8870.400000000003,1.6124490889603398,9.507395498392286,3,12,33,863,3,37,2024,2026,0.03536977491961415,0.92497320471597,0.003215434083601286,0.03965702036441586,9.507395498392286,1.0,0,Bureaux express nationaux standards
609,Monastir,Bureau,150,2789.8999999999996,1.0050200000000007,18.59933333333333,3,12,45,92,3,13,2024,2026,0.3,0.6133333333333333,0.02,0.08666666666666667,18.59933333333333,1.0,0,Bureaux express nationaux standards
611,Kasserine,Bureau,4250,21698.4,0.10922496470588186,5.105505882352942,3,12,3,4163,0,85,2024,2026,0.0007058823529411765,0.9795294117647059,0.0,0.02,5.105505882352942,1.0,0,Bureaux express nationaux standards
612,Sfax,Bureau,42,439.2,1.3020714285714294,10.457142857142857,3,11,5,27,5,10,2024,2026,0.11904761904761904,0.6428571428571429,0.11904761904761904,0.23809523809523808,10.457142857142857,0.9166666666666666,0,Bureaux express nationaux standards
613,Ariana,Bureau,36,1031.4,1.6290277777777775,28.650000000000002,2,12,7,15,4,14,2024,2025,0.19444444444444445,0.4166666666666667,0.1111111111111111,0.3888888888888889,28.650000000000002,1.0,0,Bureaux express nationaux standards
614,Médenine,Bureau,259,2676.9,0.4761274131274136,10.335521235521236,3,12,34,101,14,124,2024,2026,0.13127413127413126,0.38996138996138996,0.05405405405405406,0.47876447876447875,10.335521235521236,1.0,0,Bureaux express nationaux standards
615,Tataouine,Bureau,130,1311.2,0.6199615384615385,10.086153846153847,3,12,11,76,8,43,2024,2026,0.08461538461538462,0.5846153846153846,0.06153846153846154,0.33076923076923076,10.086153846153847,1.0,0,Bureaux express nationaux standards
616,Ariana,Bureau,393,4186.5,0.0785801526717558,10.65267175572519,3,12,57,332,57,4,2024,2026,0.1450381679389313,0.8447837150127226,0.1450381679389313,0.010178117048346057,10.65267175572519,1.0,0,Bureaux express nationaux standards
617,Tataouine,Bureau,215,2645.5,3.29746511627907,12.304651162790698,3,12,22,168,17,25,2024,2026,0.10232558139534884,0.7813953488372093,0.07906976744186046,0.11627906976744186,12.304651162790698,1.0,0,Bureaux express nationaux standards
620,Médenine,Bureau,103,837.4000000000001,2.2601262135922324,8.130097087378642,3,12,8,54,0,41,2024,2026,0.07766990291262135,0.5242718446601942,0.0,0.39805825242718446,8.130097087378642,1.0,0,Bureaux express nationaux standards
623,Sfax,Bureau,410,4019.0,0.4481317073170713,9.802439024390244,3,12,13,388,13,9,2024,2026,0.03170731707317073,0.9463414634146341,0.03170731707317073,0.02195121951219512,9.802439024390244,1.0,0,Bureaux express nationaux standards
624,Gabès,Bureau,283,7508.599999999999,2.4073568904593623,26.5321554770318,3,12,17,168,17,98,2024,2026,0.06007067137809187,0.5936395759717314,0.06007067137809187,0.3462897526501767,26.5321554770318,1.0,0,Bureaux express nationaux standards
625,Ariana,Bureau,487,12993.0,1.6976878850102664,26.679671457905545,2,12,83,160,83,244,2025,2026,0.1704312114989733,0.32854209445585214,0.1704312114989733,0.5010266940451745,26.679671457905545,1.0,1,Bureaux internationaux premium
626,Tataouine,Bureau,116,3600.7000000000003,2.9947327586206898,31.040517241379312,2,10,27,49,27,40,2025,2026,0.23275862068965517,0.4224137931034483,0.23275862068965517,0.3448275862068966,31.040517241379312,0.8333333333333334,1,Bureaux internationaux premium
627,Tunis,Bureau,331,7476.4000000000015,1.1341057401812702,22.587311178247738,1,5,78,171,78,82,2025,2025,0.23564954682779457,0.5166163141993958,0.23564954682779457,0.24773413897280966,22.587311178247738,0.4166666666666667,3,Grandes agences express saturées
628,Tunis,Bureau,84,1059.1000000000001,1.1632619047619046,12.608333333333334,2,9,8,19,6,57,2025,2026,0.09523809523809523,0.2261904761904762,0.07142857142857142,0.6785714285714286,12.608333333333334,0.75,2,Bureaux colis normaux
629,Monastir,Bureau,1519,41761.899999999994,1.9281626069782776,27.493021724818956,2,10,192,1030,192,297,2025,2026,0.12639894667544438,0.6780776826859776,0.12639894667544438,0.19552337063857803,27.493021724818956,0.8333333333333334,0,Bureaux express nationaux standards
630,Tataouine,Bureau,112,682.5,0.13634821428571423,6.09375,2,12,0,8,0,104,2025,2026,0.0,0.07142857142857142,0.0,0.9285714285714286,6.09375,1.0,2,Bureaux colis normaux
631,Kasserine,Bureau,341,3516.3,1.3641818181818175,10.311730205278593,3,12,26,310,26,5,2024,2026,0.07624633431085044,0.9090909090909091,0.07624633431085044,0.01466275659824047,10.311730205278593,1.0,0,Bureaux express nationaux standards
632,Kébili,Bureau,48,273.5,0.39356249999999987,5.697916666666667,3,11,0,47,0,1,2024,2026,0.0,0.9791666666666666,0.0,0.020833333333333332,5.697916666666667,0.9166666666666666,0,Bureaux express nationaux standards
633,Monastir,Bureau,60,836.7,0.4579999999999999,13.945,3,12,8,49,8,3,2024,2026,0.13333333333333333,0.8166666666666667,0.13333333333333333,0.05,13.945,1.0,0,Bureaux express nationaux standards
634,Sfax,Bureau,88,1883.2,0.2720113636363635,21.400000000000002,1,5,17,69,17,2,2026,2026,0.19318181818181818,0.7840909090909091,0.19318181818181818,0.022727272727272728,21.400000000000002,0.4166666666666667,3,Grandes agences express saturées
635,Tunis,Bureau,49,2845.0,1.2404285714285717,58.06122448979592,3,11,42,7,42,0,2024,2026,0.8571428571428571,0.14285714285714285,0.8571428571428571,0.0,58.06122448979592,0.9166666666666666,1,Bureaux internationaux premium
636,Médenine,Bureau,40,430.0,0.13862499999999991,10.75,2,9,6,34,6,0,2024,2025,0.15,0.85,0.15,0.0,10.75,0.75,3,Grandes agences express saturées
637,Sousse,Bureau,847,6075.0,0.5445926800472248,7.1723730814639906,3,12,21,826,21,0,2024,2026,0.024793388429752067,0.9752066115702479,0.024793388429752067,0.0,7.1723730814639906,1.0,0,Bureaux express nationaux standards
638,Kasserine,Bureau,24,159.0,0.12941666666666662,6.625,2,10,2,22,0,0,2024,2025,0.08333333333333333,0.9166666666666666,0.0,0.0,6.625,0.8333333333333334,3,Grandes agences express saturées
639,Médenine,Bureau,75,526.0,0.3351066666666666,7.013333333333334,3,10,3,72,2,0,2024,2026,0.04,0.96,0.02666666666666667,0.0,7.013333333333334,0.8333333333333334,3,Grandes agences express saturées
640,Kasserine,Bureau,19,129.0,0.10342105263157896,6.7894736842105265,3,7,1,18,1,0,2024,2026,0.05263157894736842,0.9473684210526315,0.05263157894736842,0.0,6.7894736842105265,0.5833333333333334,3,Grandes agences express saturées
642,Tunis,Agence,8597,58603.0,0.6506533674537678,6.816680237292078,2,10,40,8557,0,0,2025,2026,0.004652785855530999,0.995347214144469,0.0,0.0,6.816680237292078,0.8333333333333334,3,Grandes agences express saturées
643,Gabès,Agence,9939,54483.0,0.3396930274675521,5.48173860549351,2,10,1,9938,0,0,2025,2026,0.00010061374383740819,0.9998993862561626,0.0,0.0,5.48173860549351,0.8333333333333334,3,Grandes agences express saturées
644,Tunis,Agence,15208,82492.0,0.28698967648607215,5.424250394529195,2,9,4,15204,0,0,2025,2026,0.0002630194634402946,0.9997369805365597,0.0,0.0,5.424250394529195,0.75,3,Grandes agences express saturées
645,Siliana,Agence,10349,60542.0,0.45449821238769,5.850033819692724,2,10,6,10343,0,0,2025,2026,0.0005797661609817374,0.9994202338390182,0.0,0.0,5.850033819692724,0.8333333333333334,3,Grandes agences express saturées
646,Sfax,Agence,25210,148947.0,0.4119974613248897,5.908250694168981,2,10,64,25146,0,0,2025,2026,0.0025386751289170964,0.9974613248710829,0.0,0.0,5.908250694168981,0.8333333333333334,3,Grandes agences express saturées
647,Tunis,Agence,10672,75828.0,0.5818372376311675,7.105322338830585,2,10,133,10539,1,0,2025,2026,0.012462518740629685,0.9875374812593704,9.37031484257871e-05,0.0,7.105322338830585,0.8333333333333334,3,Grandes agences express saturées
648,Sidi Bouzid,Agence,6793,38076.0,0.3871444133666995,5.605181804799058,2,10,3,6790,0,0,2025,2026,0.00044163109082879436,0.9995583689091712,0.0,0.0,5.605181804799058,0.8333333333333334,3,Grandes agences express saturées
649,Sfax,Agence,10673,63209.0,0.4652374215309662,5.922327368125176,2,10,14,10659,0,0,2025,2026,0.00131172116555795,0.998688278834442,0.0,0.0,5.922327368125176,0.8333333333333334,3,Grandes agences express saturées
650,Gabès,Agence,9477,107278.0,0.7457307164714811,11.31982694945658,2,9,266,9211,0,0,2025,2026,0.02806795399387992,0.97193204600612,0.0,0.0,11.31982694945658,0.75,3,Grandes agences express saturées
651,Mahdia,Agence,4342,34255.0,0.7619760479041905,7.889221556886228,2,10,49,4293,0,0,2025,2026,0.011285122063565177,0.9887148779364349,0.0,0.0,7.889221556886228,0.8333333333333334,3,Grandes agences express saturées
652,Monastir,Agence,4171,24001.0,0.46225101894029724,5.754255574202829,2,9,2,4169,0,0,2025,2026,0.0004795013186286262,0.9995204986813714,0.0,0.0,5.754255574202829,0.75,3,Grandes agences express saturées
653,Tozeur,Agence,4484,38167.0,1.1094881801962786,8.511819803746654,2,10,79,4405,0,0,2025,2026,0.01761819803746655,0.9823818019625334,0.0,0.0,8.511819803746654,0.8333333333333334,3,Grandes agences express saturées
654,Tunis,Agence,3234,261842.0,2.6546833642548138,80.96536796536796,2,10,1827,1407,1585,0,2025,2026,0.564935064935065,0.43506493506493504,0.4901051329622758,0.0,80.96536796536796,0.8333333333333334,1,Bureaux internationaux premium
655,Jendouba,Agence,8702,51888.0,0.509879797747643,5.962767179958631,2,10,12,8690,2,0,2025,2026,0.001378993334865548,0.9986210066651344,0.00022983222247759135,0.0,5.962767179958631,0.8333333333333334,3,Grandes agences express saturées
657,Nabeul,Agence,6548,36859.0,0.3647299938912622,5.629047037263287,2,10,5,6543,0,0,2025,2026,0.0007635919364691509,0.9992364080635309,0.0,0.0,5.629047037263287,0.8333333333333334,3,Grandes agences express saturées
658,Béja,Agence,6848,44726.0,0.9124131133177656,6.53125,2,10,16,6832,0,0,2025,2026,0.002336448598130841,0.9976635514018691,0.0,0.0,6.53125,0.8333333333333334,3,Grandes agences express saturées
659,Bizerte,Agence,10724,81871.0,0.5959118798955786,7.634371503170459,2,10,72,10652,1,0,2025,2026,0.006713912719134651,0.9932860872808653,9.324878776575905e-05,0.0,7.634371503170459,0.8333333333333334,3,Grandes agences express saturées
661,Tunis,Agence,5632,41983.0,0.4193792613636331,7.4543678977272725,2,8,76,5556,0,0,2025,2026,0.013494318181818182,0.9865056818181818,0.0,0.0,7.4543678977272725,0.6666666666666666,3,Grandes agences express saturées
662,Sidi Bouzid,Agence,4231,22957.0,0.33063389269676363,5.425904041597731,2,10,1,4230,1,0,2025,2026,0.0002363507445048452,0.9997636492554951,0.0002363507445048452,0.0,5.425904041597731,0.8333333333333334,3,Grandes agences express saturées
663,Mahdia,Agence,4079,22512.0,0.3859730326060299,5.518999754841873,2,10,0,4079,0,0,2025,2026,0.0,1.0,0.0,0.0,5.518999754841873,0.8333333333333334,3,Grandes agences express saturées
664,Kairouan,Agence,8450,54600.0,0.3726480473372779,6.461538461538462,2,10,65,8385,0,0,2025,2026,0.007692307692307693,0.9923076923076923,0.0,0.0,6.461538461538462,0.8333333333333334,3,Grandes agences express saturées
665,Tunis,Agence,4501,42306.0,0.30058964674516464,9.399244612308376,2,10,112,4389,78,0,2025,2026,0.024883359253499222,0.9751166407465007,0.017329482337258388,0.0,9.399244612308376,0.8333333333333334,3,Grandes agences express saturées
666,Tunis,Agence,6087,62280.0,0.6185482175127353,10.23164120256284,2,10,162,5925,0,0,2025,2026,0.02661409561360276,0.9733859043863973,0.0,0.0,10.23164120256284,0.8333333333333334,3,Grandes agences express saturées
667,Tataouine,Agence,1663,10212.0,0.8028622970535165,6.140709561034275,2,9,0,1663,0,0,2025,2026,0.0,1.0,0.0,0.0,6.140709561034275,0.75,3,Grandes agences express saturées
669,Tunis,Agence,669,8153.0,0.8340807174887913,12.186846038863976,2,9,37,632,0,0,2025,2026,0.05530642750373692,0.9446935724962631,0.0,0.0,12.186846038863976,0.75,3,Grandes agences express saturées
670,Tunis,Agence,1340,7585.0,0.37814850746268625,5.66044776119403,2,9,0,1340,0,0,2025,2026,0.0,1.0,0.0,0.0,5.66044776119403,0.75,3,Grandes agences express saturées
671,Zaghouan,Agence,4536,34265.0,0.6475947971781313,7.554012345679013,2,9,74,4462,2,0,2025,2026,0.016313932980599646,0.9836860670194003,0.0004409171075837742,0.0,7.554012345679013,0.75,3,Grandes agences express saturées
672,Tabarka,Agence,1451,10030.0,0.5589338387319066,6.912474155754652,2,10,9,1442,0,0,2025,2026,0.006202618883528601,0.9937973811164714,0.0,0.0,6.912474155754652,0.8333333333333334,3,Grandes agences express saturées
674,Tunis,Bureau,21,121.0,0.5306190476190478,5.761904761904762,2,9,0,21,0,0,2025,2026,0.0,1.0,0.0,0.0,5.761904761904762,0.75,3,Grandes agences express saturées
